Board_State,Best_Move
"[['-', '-', '-', '-', '-', '-', '-'], ['-', '-', '-', '-', '-', '-', '-'], ['-', '-', '-', '-', '-', '-', '-'], ['-', '-', '-', '-', '-', '-', '-'], ['-', '-', '-', '-', '-', '-', '-'], ['-', '-', '-', '-', '-', '-', '-']]",drop 3
"[['-', '-', '-', '-', '-', '-', '-'], ['-', '-', '-', '-', '-', '-', '-'], ['-', '-', '-', '-', '-', '-', '-'], ['-', '-', '-', '-', '-', '-', '-'], ['-', '-', '-', '-', '-', '-', '-'], ['-', '-', '-', 'X', '-', '-', '-']]",drop 3
"[['-', '-', '-', '-', '-', '-', '-'], ['-', '-', '-', '-', '-', '-', '-'], ['-', '-', '-', '-', '-', '-', '-'], ['-', '-', '-', '-', '-', '-', '-'], ['-', '-', '-', 'O', '-', '-', '-'], ['-', '-', '-', 'X', '-', '-', '-']]",drop 4
"[['-', '-', '-', '-', '-', '-', '-'], ['-', '-', '-', '-', '-', '-', '-'], ['-', '-', '-', '-', '-', '-', '-'], ['-', '-', '-', '-', '-', '-', '-'], ['-', '-', '-', 'O', '-', '-', '-'], ['-', '-', '-', 'X', 'X', '-', '-']]",drop 3
"[['-', '-', '-', '-', '-', '-', '-'], ['-', '-', '-', '-', '-', '-', '-'], ['-', '-', '-', '-', '-', '-', '-'], ['-', '-', '-', 'O', '-', '-', '-'], ['-', '-', '-', 'O', '-', '-', '-'], ['-', '-', '-', 'X', 'X', '-', '-']]",drop 5
"[['-', '-', '-', '-', '-', '-', '-'], ['-', '-', '-', '-', '-', '-', '-'], ['-', '-', '-', '-', '-', '-', '-'], ['-', '-', '-', 'O', '-', '-', '-'], ['-', '-', '-', 'O', '-', '-', '-'], ['-', '-', '-', 'X', 'X', 'X', '-']]",drop 6
"[['-', '-', '-', '-', '-', '-', '-'], ['-', '-', '-', '-', '-', '-', '-'], ['-', '-', '-', '-', '-', '-', '-'], ['-', '-', '-', 'O', '-', '-', '-'], ['-', '-', '-', 'O', '-', '-', '-'], ['-', '-', '-', 'X', 'X', 'X', 'O']]",drop 2
"[['-', '-', '-', '-', '-', '-', '-'], ['-', '-', '-', '-', '-', '-', '-'], ['-', '-', '-', '-', '-', '-', '-'], ['-', '-', '-', '-', '-', '-', '-'], ['-', '-', '-', '-', '-', '-', '-'], ['-', '-', '-', '-', '-', '-', '-']]",drop 2
"[['-', '-', '-', '-', '-', '-', '-'], ['-', '-', '-', '-', '-', '-', '-'], ['-', '-', '-', '-', '-', '-', '-'], ['-', '-', '-', '-', '-', '-', '-'], ['-', '-', '-', '-', '-', '-', '-'], ['-', '-', 'X', '-', '-', '-', '-']]",drop 3
"[['-', '-', '-', '-', '-', '-', '-'], ['-', '-', '-', '-', '-', '-', '-'], ['-', '-', '-', '-', '-', '-', '-'], ['-', '-', '-', '-', '-', '-', '-'], ['-', '-', '-', '-', '-', '-', '-'], ['-', '-', 'X', 'O', '-', '-', '-']]",drop 3
"[['-', '-', '-', '-', '-', '-', '-'], ['-', '-', '-', '-', '-', '-', '-'], ['-', '-', '-', '-', '-', '-', '-'], ['-', '-', '-', '-', '-', '-', '-'], ['-', '-', '-', 'X', '-', '-', '-'], ['-', '-', 'X', 'O', '-', '-', '-']]",drop 2
"[['-', '-', '-', '-', '-', '-', '-'], ['-', '-', '-', '-', '-', '-', '-'], ['-', '-', '-', '-', '-', '-', '-'], ['-', '-', '-', '-', '-', '-', '-'], ['-', '-', 'O', 'X', '-', '-', '-'], ['-', '-', 'X', 'O', '-', '-', '-']]",drop 3
"[['-', '-', '-', '-', '-', '-', '-'], ['-', '-', '-', '-', '-', '-', '-'], ['-', '-', '-', '-', '-', '-', '-'], ['-', '-', '-', 'X', '-', '-', '-'], ['-', '-', 'O', 'X', '-', '-', '-'], ['-', '-', 'X', 'O', '-', '-', '-']]",drop 3
"[['-', '-', '-', '-', '-', '-', '-'], ['-', '-', '-', '-', '-', '-', '-'], ['-', '-', '-', 'O', '-', '-', '-'], ['-', '-', '-', 'X', '-', '-', '-'], ['-', '-', 'O', 'X', '-', '-', '-'], ['-', '-', 'X', 'O', '-', '-', '-']]",drop 2
"[['-', '-', '-', '-', '-', '-', '-'], ['-', '-', '-', '-', '-', '-', '-'], ['-', '-', '-', 'O', '-', '-', '-'], ['-', '-', 'X', 'X', '-', '-', '-'], ['-', '-', 'O', 'X', '-', '-', '-'], ['-', '-', 'X', 'O', '-', '-', '-']]",drop 4
"[['-', '-', '-', '-', '-', '-', '-'], ['-', '-', '-', '-', '-', '-', '-'], ['-', '-', '-', 'O', '-', '-', '-'], ['-', '-', 'X', 'X', '-', '-', '-'], ['-', '-', 'O', 'X', '-', '-', '-'], ['-', '-', 'X', 'O', 'O', '-', '-']]",drop 4
"[['-', '-', '-', '-', '-', '-', '-'], ['-', '-', '-', '-', '-', '-', '-'], ['-', '-', '-', 'O', '-', '-', '-'], ['-', '-', 'X', 'X', '-', '-', '-'], ['-', '-', 'O', 'X', 'X', '-', '-'], ['-', '-', 'X', 'O', 'O', '-', '-']]",drop 5
"[['-', '-', '-', '-', '-', '-', '-'], ['-', '-', '-', '-', '-', '-', '-'], ['-', '-', '-', 'O', '-', '-', '-'], ['-', '-', 'X', 'X', '-', '-', '-'], ['-', '-', 'O', 'X', 'X', '-', '-'], ['-', '-', 'X', 'O', 'O', 'O', '-']]",drop 6
"[['-', '-', '-', '-', '-', '-', '-'], ['-', '-', '-', '-', '-', '-', '-'], ['-', '-', '-', 'O', '-', '-', '-'], ['-', '-', 'X', 'X', '-', '-', '-'], ['-', '-', 'O', 'X', 'X', '-', '-'], ['-', '-', 'X', 'O', 'O', 'O', 'X']]",drop 5
"[['-', '-', '-', '-', '-', '-', '-'], ['-', '-', '-', '-', '-', '-', '-'], ['-', '-', '-', 'O', '-', '-', '-'], ['-', '-', 'X', 'X', '-', '-', '-'], ['-', '-', 'O', 'X', 'X', 'O', '-'], ['-', '-', 'X', 'O', 'O', 'O', 'X']]",drop 4
"[['-', '-', '-', '-', '-', '-', '-'], ['-', '-', '-', '-', '-', '-', '-'], ['-', '-', '-', 'O', '-', '-', '-'], ['-', '-', 'X', 'X', 'X', '-', '-'], ['-', '-', 'O', 'X', 'X', 'O', '-'], ['-', '-', 'X', 'O', 'O', 'O', 'X']]",pop 4
"[['-', '-', '-', '-', '-', '-', '-'], ['-', '-', '-', '-', '-', '-', '-'], ['-', '-', '-', 'O', '-', '-', '-'], ['-', '-', 'X', 'X', '-', '-', '-'], ['-', '-', 'O', 'X', 'X', 'O', '-'], ['-', '-', 'X', 'O', 'X', 'O', 'X']]",drop 4
"[['-', '-', '-', '-', '-', '-', '-'], ['-', '-', '-', '-', '-', '-', '-'], ['-', '-', '-', 'O', '-', '-', '-'], ['-', '-', 'X', 'X', 'X', '-', '-'], ['-', '-', 'O', 'X', 'X', 'O', '-'], ['-', '-', 'X', 'O', 'X', 'O', 'X']]",drop 4
"[['-', '-', '-', '-', '-', '-', '-'], ['-', '-', '-', '-', '-', '-', '-'], ['-', '-', '-', 'O', 'O', '-', '-'], ['-', '-', 'X', 'X', 'X', '-', '-'], ['-', '-', 'O', 'X', 'X', 'O', '-'], ['-', '-', 'X', 'O', 'X', 'O', 'X']]",drop 5
"[['-', '-', '-', '-', '-', '-', '-'], ['-', '-', '-', '-', '-', '-', '-'], ['-', '-', '-', '-', '-', '-', '-'], ['-', '-', '-', '-', '-', '-', '-'], ['-', '-', '-', '-', '-', '-', '-'], ['-', '-', '-', '-', '-', '-', '-']]",drop 3
"[['-', '-', '-', '-', '-', '-', '-'], ['-', '-', '-', '-', '-', '-', '-'], ['-', '-', '-', '-', '-', '-', '-'], ['-', '-', '-', '-', '-', '-', '-'], ['-', '-', '-', '-', '-', '-', '-'], ['-', '-', '-', 'X', '-', '-', '-']]",drop 3
"[['-', '-', '-', '-', '-', '-', '-'], ['-', '-', '-', '-', '-', '-', '-'], ['-', '-', '-', '-', '-', '-', '-'], ['-', '-', '-', '-', '-', '-', '-'], ['-', '-', '-', 'O', '-', '-', '-'], ['-', '-', '-', 'X', '-', '-', '-']]",drop 3
"[['-', '-', '-', '-', '-', '-', '-'], ['-', '-', '-', '-', '-', '-', '-'], ['-', '-', '-', '-', '-', '-', '-'], ['-', '-', '-', 'X', '-', '-', '-'], ['-', '-', '-', 'O', '-', '-', '-'], ['-', '-', '-', 'X', '-', '-', '-']]",drop 2
"[['-', '-', '-', '-', '-', '-', '-'], ['-', '-', '-', '-', '-', '-', '-'], ['-', '-', '-', '-', '-', '-', '-'], ['-', '-', '-', 'X', '-', '-', '-'], ['-', '-', '-', 'O', '-', '-', '-'], ['-', '-', 'O', 'X', '-', '-', '-']]",drop 4
"[['-', '-', '-', '-', '-', '-', '-'], ['-', '-', '-', '-', '-', '-', '-'], ['-', '-', '-', '-', '-', '-', '-'], ['-', '-', '-', 'X', '-', '-', '-'], ['-', '-', '-', 'O', '-', '-', '-'], ['-', '-', 'O', 'X', 'X', '-', '-']]",drop 4
"[['-', '-', '-', '-', '-', '-', '-'], ['-', '-', '-', '-', '-', '-', '-'], ['-', '-', '-', '-', '-', '-', '-'], ['-', '-', '-', 'X', '-', '-', '-'], ['-', '-', '-', 'O', 'O', '-', '-'], ['-', '-', 'O', 'X', 'X', '-', '-']]",drop 5
"[['-', '-', '-', '-', '-', '-', '-'], ['-', '-', '-', '-', '-', '-', '-'], ['-', '-', '-', '-', '-', '-', '-'], ['-', '-', '-', 'X', '-', '-', '-'], ['-', '-', '-', 'O', 'O', '-', '-'], ['-', '-', 'O', 'X', 'X', 'X', '-']]",drop 6
"[['-', '-', '-', '-', '-', '-', '-'], ['-', '-', '-', '-', '-', '-', '-'], ['-', '-', '-', '-', '-', '-', '-'], ['-', '-', '-', 'X', '-', '-', '-'], ['-', '-', '-', 'O', 'O', '-', '-'], ['-', '-', 'O', 'X', 'X', 'X', 'O']]",drop 2
"[['-', '-', '-', '-', '-', '-', '-'], ['-', '-', '-', '-', '-', '-', '-'], ['-', '-', '-', '-', '-', '-', '-'], ['-', '-', '-', 'X', '-', '-', '-'], ['-', '-', 'X', 'O', 'O', '-', '-'], ['-', '-', 'O', 'X', 'X', 'X', 'O']]",drop 5
"[['-', '-', '-', '-', '-', '-', '-'], ['-', '-', '-', '-', '-', '-', '-'], ['-', '-', '-', '-', '-', '-', '-'], ['-', '-', '-', 'X', '-', '-', '-'], ['-', '-', 'X', 'O', 'O', 'O', '-'], ['-', '-', 'O', 'X', 'X', 'X', 'O']]",pop 5
"[['-', '-', '-', '-', '-', '-', '-'], ['-', '-', '-', '-', '-', '-', '-'], ['-', '-', '-', '-', '-', '-', '-'], ['-', '-', '-', 'X', '-', '-', '-'], ['-', '-', 'X', 'O', 'O', '-', '-'], ['-', '-', 'O', 'X', 'X', 'O', 'O']]",drop 5
"[['-', '-', '-', '-', '-', '-', '-'], ['-', '-', '-', '-', '-', '-', '-'], ['-', '-', '-', '-', '-', '-', '-'], ['-', '-', '-', 'X', '-', '-', '-'], ['-', '-', 'X', 'O', 'O', 'O', '-'], ['-', '-', 'O', 'X', 'X', 'O', 'O']]",drop 6
"[['-', '-', '-', '-', '-', '-', '-'], ['-', '-', '-', '-', '-', '-', '-'], ['-', '-', '-', '-', '-', '-', '-'], ['-', '-', '-', 'X', '-', '-', '-'], ['-', '-', 'X', 'O', 'O', 'O', 'X'], ['-', '-', 'O', 'X', 'X', 'O', 'O']]",drop 2
"[['-', '-', '-', '-', '-', '-', '-'], ['-', '-', '-', '-', '-', '-', '-'], ['-', '-', '-', '-', '-', '-', '-'], ['-', '-', 'O', 'X', '-', '-', '-'], ['-', '-', 'X', 'O', 'O', 'O', 'X'], ['-', '-', 'O', 'X', 'X', 'O', 'O']]",pop 3
"[['-', '-', '-', '-', '-', '-', '-'], ['-', '-', '-', '-', '-', '-', '-'], ['-', '-', '-', '-', '-', '-', '-'], ['-', '-', 'O', '-', '-', '-', '-'], ['-', '-', 'X', 'X', 'O', 'O', 'X'], ['-', '-', 'O', 'O', 'X', 'O', 'O']]",drop 3
"[['-', '-', '-', '-', '-', '-', '-'], ['-', '-', '-', '-', '-', '-', '-'], ['-', '-', '-', '-', '-', '-', '-'], ['-', '-', 'O', 'O', '-', '-', '-'], ['-', '-', 'X', 'X', 'O', 'O', 'X'], ['-', '-', 'O', 'O', 'X', 'O', 'O']]",drop 4
"[['-', '-', '-', '-', '-', '-', '-'], ['-', '-', '-', '-', '-', '-', '-'], ['-', '-', '-', '-', '-', '-', '-'], ['-', '-', 'O', 'O', 'X', '-', '-'], ['-', '-', 'X', 'X', 'O', 'O', 'X'], ['-', '-', 'O', 'O', 'X', 'O', 'O']]",drop 2
"[['-', '-', '-', '-', '-', '-', '-'], ['-', '-', '-', '-', '-', '-', '-'], ['-', '-', '-', '-', '-', '-', '-'], ['-', '-', '-', '-', '-', '-', '-'], ['-', '-', '-', '-', '-', '-', '-'], ['-', '-', '-', '-', '-', '-', '-']]",drop 3
"[['-', '-', '-', '-', '-', '-', '-'], ['-', '-', '-', '-', '-', '-', '-'], ['-', '-', '-', '-', '-', '-', '-'], ['-', '-', '-', '-', '-', '-', '-'], ['-', '-', '-', '-', '-', '-', '-'], ['-', '-', '-', 'X', '-', '-', '-']]",drop 3
"[['-', '-', '-', '-', '-', '-', '-'], ['-', '-', '-', '-', '-', '-', '-'], ['-', '-', '-', '-', '-', '-', '-'], ['-', '-', '-', '-', '-', '-', '-'], ['-', '-', '-', 'O', '-', '-', '-'], ['-', '-', '-', 'X', '-', '-', '-']]",drop 2
"[['-', '-', '-', '-', '-', '-', '-'], ['-', '-', '-', '-', '-', '-', '-'], ['-', '-', '-', '-', '-', '-', '-'], ['-', '-', '-', '-', '-', '-', '-'], ['-', '-', '-', 'O', '-', '-', '-'], ['-', '-', 'X', 'X', '-', '-', '-']]",drop 3
"[['-', '-', '-', '-', '-', '-', '-'], ['-', '-', '-', '-', '-', '-', '-'], ['-', '-', '-', '-', '-', '-', '-'], ['-', '-', '-', 'O', '-', '-', '-'], ['-', '-', '-', 'O', '-', '-', '-'], ['-', '-', 'X', 'X', '-', '-', '-']]",drop 4
"[['-', '-', '-', '-', '-', '-', '-'], ['-', '-', '-', '-', '-', '-', '-'], ['-', '-', '-', '-', '-', '-', '-'], ['-', '-', '-', 'O', '-', '-', '-'], ['-', '-', '-', 'O', '-', '-', '-'], ['-', '-', 'X', 'X', 'X', '-', '-']]",drop 1
"[['-', '-', '-', '-', '-', '-', '-'], ['-', '-', '-', '-', '-', '-', '-'], ['-', '-', '-', '-', '-', '-', '-'], ['-', '-', '-', 'O', '-', '-', '-'], ['-', '-', '-', 'O', '-', '-', '-'], ['-', 'O', 'X', 'X', 'X', '-', '-']]",drop 5
"[['-', '-', '-', '-', '-', '-', '-'], ['-', '-', '-', '-', '-', '-', '-'], ['-', '-', '-', '-', '-', '-', '-'], ['-', '-', '-', '-', '-', '-', '-'], ['-', '-', '-', '-', '-', '-', '-'], ['-', '-', '-', '-', '-', '-', '-']]",drop 3
"[['-', '-', '-', '-', '-', '-', '-'], ['-', '-', '-', '-', '-', '-', '-'], ['-', '-', '-', '-', '-', '-', '-'], ['-', '-', '-', '-', '-', '-', '-'], ['-', '-', '-', '-', '-', '-', '-'], ['-', '-', '-', 'X', '-', '-', '-']]",drop 3
"[['-', '-', '-', '-', '-', '-', '-'], ['-', '-', '-', '-', '-', '-', '-'], ['-', '-', '-', '-', '-', '-', '-'], ['-', '-', '-', '-', '-', '-', '-'], ['-', '-', '-', 'O', '-', '-', '-'], ['-', '-', '-', 'X', '-', '-', '-']]",drop 4
"[['-', '-', '-', '-', '-', '-', '-'], ['-', '-', '-', '-', '-', '-', '-'], ['-', '-', '-', '-', '-', '-', '-'], ['-', '-', '-', '-', '-', '-', '-'], ['-', '-', '-', 'O', '-', '-', '-'], ['-', '-', '-', 'X', 'X', '-', '-']]",drop 3
"[['-', '-', '-', '-', '-', '-', '-'], ['-', '-', '-', '-', '-', '-', '-'], ['-', '-', '-', '-', '-', '-', '-'], ['-', '-', '-', 'O', '-', '-', '-'], ['-', '-', '-', 'O', '-', '-', '-'], ['-', '-', '-', 'X', 'X', '-', '-']]",drop 5
"[['-', '-', '-', '-', '-', '-', '-'], ['-', '-', '-', '-', '-', '-', '-'], ['-', '-', '-', '-', '-', '-', '-'], ['-', '-', '-', 'O', '-', '-', '-'], ['-', '-', '-', 'O', '-', '-', '-'], ['-', '-', '-', 'X', 'X', 'X', '-']]",drop 6
"[['-', '-', '-', '-', '-', '-', '-'], ['-', '-', '-', '-', '-', '-', '-'], ['-', '-', '-', '-', '-', '-', '-'], ['-', '-', '-', 'O', '-', '-', '-'], ['-', '-', '-', 'O', '-', '-', '-'], ['-', '-', '-', 'X', 'X', 'X', 'O']]",drop 2
"[['-', '-', '-', '-', '-', '-', '-'], ['-', '-', '-', '-', '-', '-', '-'], ['-', '-', '-', '-', '-', '-', '-'], ['-', '-', '-', '-', '-', '-', '-'], ['-', '-', '-', '-', '-', '-', '-'], ['-', '-', '-', '-', '-', '-', '-']]",drop 3
"[['-', '-', '-', '-', '-', '-', '-'], ['-', '-', '-', '-', '-', '-', '-'], ['-', '-', '-', '-', '-', '-', '-'], ['-', '-', '-', '-', '-', '-', '-'], ['-', '-', '-', '-', '-', '-', '-'], ['-', '-', '-', 'X', '-', '-', '-']]",drop 3
"[['-', '-', '-', '-', '-', '-', '-'], ['-', '-', '-', '-', '-', '-', '-'], ['-', '-', '-', '-', '-', '-', '-'], ['-', '-', '-', '-', '-', '-', '-'], ['-', '-', '-', 'O', '-', '-', '-'], ['-', '-', '-', 'X', '-', '-', '-']]",drop 3
"[['-', '-', '-', '-', '-', '-', '-'], ['-', '-', '-', '-', '-', '-', '-'], ['-', '-', '-', '-', '-', '-', '-'], ['-', '-', '-', 'X', '-', '-', '-'], ['-', '-', '-', 'O', '-', '-', '-'], ['-', '-', '-', 'X', '-', '-', '-']]",drop 3
"[['-', '-', '-', '-', '-', '-', '-'], ['-', '-', '-', '-', '-', '-', '-'], ['-', '-', '-', 'O', '-', '-', '-'], ['-', '-', '-', 'X', '-', '-', '-'], ['-', '-', '-', 'O', '-', '-', '-'], ['-', '-', '-', 'X', '-', '-', '-']]",drop 4
"[['-', '-', '-', '-', '-', '-', '-'], ['-', '-', '-', '-', '-', '-', '-'], ['-', '-', '-', 'O', '-', '-', '-'], ['-', '-', '-', 'X', '-', '-', '-'], ['-', '-', '-', 'O', '-', '-', '-'], ['-', '-', '-', 'X', 'X', '-', '-']]",drop 2
"[['-', '-', '-', '-', '-', '-', '-'], ['-', '-', '-', '-', '-', '-', '-'], ['-', '-', '-', 'O', '-', '-', '-'], ['-', '-', '-', 'X', '-', '-', '-'], ['-', '-', '-', 'O', '-', '-', '-'], ['-', '-', 'O', 'X', 'X', '-', '-']]",drop 5
"[['-', '-', '-', '-', '-', '-', '-'], ['-', '-', '-', '-', '-', '-', '-'], ['-', '-', '-', 'O', '-', '-', '-'], ['-', '-', '-', 'X', '-', '-', '-'], ['-', '-', '-', 'O', '-', '-', '-'], ['-', '-', 'O', 'X', 'X', 'X', '-']]",drop 6
"[['-', '-', '-', '-', '-', '-', '-'], ['-', '-', '-', '-', '-', '-', '-'], ['-', '-', '-', 'O', '-', '-', '-'], ['-', '-', '-', 'X', '-', '-', '-'], ['-', '-', '-', 'O', '-', '-', '-'], ['-', '-', 'O', 'X', 'X', 'X', 'O']]",drop 2
"[['-', '-', '-', '-', '-', '-', '-'], ['-', '-', '-', '-', '-', '-', '-'], ['-', '-', '-', 'O', '-', '-', '-'], ['-', '-', '-', 'X', '-', '-', '-'], ['-', '-', 'X', 'O', '-', '-', '-'], ['-', '-', 'O', 'X', 'X', 'X', 'O']]",drop 5
"[['-', '-', '-', '-', '-', '-', '-'], ['-', '-', '-', '-', '-', '-', '-'], ['-', '-', '-', 'O', '-', '-', '-'], ['-', '-', '-', 'X', '-', '-', '-'], ['-', '-', 'X', 'O', '-', 'O', '-'], ['-', '-', 'O', 'X', 'X', 'X', 'O']]",drop 6
"[['-', '-', '-', '-', '-', '-', '-'], ['-', '-', '-', '-', '-', '-', '-'], ['-', '-', '-', 'O', '-', '-', '-'], ['-', '-', '-', 'X', '-', '-', '-'], ['-', '-', 'X', 'O', '-', 'O', 'X'], ['-', '-', 'O', 'X', 'X', 'X', 'O']]",drop 4
"[['-', '-', '-', '-', '-', '-', '-'], ['-', '-', '-', '-', '-', '-', '-'], ['-', '-', '-', 'O', '-', '-', '-'], ['-', '-', '-', 'X', '-', '-', '-'], ['-', '-', 'X', 'O', 'O', 'O', 'X'], ['-', '-', 'O', 'X', 'X', 'X', 'O']]",drop 4
"[['-', '-', '-', '-', '-', '-', '-'], ['-', '-', '-', '-', '-', '-', '-'], ['-', '-', '-', 'O', '-', '-', '-'], ['-', '-', '-', 'X', 'X', '-', '-'], ['-', '-', 'X', 'O', 'O', 'O', 'X'], ['-', '-', 'O', 'X', 'X', 'X', 'O']]",drop 2
"[['-', '-', '-', '-', '-', '-', '-'], ['-', '-', '-', '-', '-', '-', '-'], ['-', '-', '-', 'O', '-', '-', '-'], ['-', '-', 'O', 'X', 'X', '-', '-'], ['-', '-', 'X', 'O', 'O', 'O', 'X'], ['-', '-', 'O', 'X', 'X', 'X', 'O']]",pop 5
"[['-', '-', '-', '-', '-', '-', '-'], ['-', '-', '-', '-', '-', '-', '-'], ['-', '-', '-', 'O', '-', '-', '-'], ['-', '-', 'O', 'X', 'X', '-', '-'], ['-', '-', 'X', 'O', 'O', '-', 'X'], ['-', '-', 'O', 'X', 'X', 'O', 'O']]",drop 5
"[['-', '-', '-', '-', '-', '-', '-'], ['-', '-', '-', '-', '-', '-', '-'], ['-', '-', '-', 'O', '-', '-', '-'], ['-', '-', 'O', 'X', 'X', '-', '-'], ['-', '-', 'X', 'O', 'O', 'O', 'X'], ['-', '-', 'O', 'X', 'X', 'O', 'O']]",pop 4
"[['-', '-', '-', '-', '-', '-', '-'], ['-', '-', '-', '-', '-', '-', '-'], ['-', '-', '-', 'O', '-', '-', '-'], ['-', '-', 'O', 'X', '-', '-', '-'], ['-', '-', 'X', 'O', 'X', 'O', 'X'], ['-', '-', 'O', 'X', 'O', 'O', 'O']]",drop 4
"[['-', '-', '-', '-', '-', '-', '-'], ['-', '-', '-', '-', '-', '-', '-'], ['-', '-', '-', '-', '-', '-', '-'], ['-', '-', '-', '-', '-', '-', '-'], ['-', '-', '-', '-', '-', '-', '-'], ['-', '-', '-', '-', '-', '-', '-']]",drop 3
"[['-', '-', '-', '-', '-', '-', '-'], ['-', '-', '-', '-', '-', '-', '-'], ['-', '-', '-', '-', '-', '-', '-'], ['-', '-', '-', '-', '-', '-', '-'], ['-', '-', '-', '-', '-', '-', '-'], ['-', '-', '-', 'X', '-', '-', '-']]",drop 3
"[['-', '-', '-', '-', '-', '-', '-'], ['-', '-', '-', '-', '-', '-', '-'], ['-', '-', '-', '-', '-', '-', '-'], ['-', '-', '-', '-', '-', '-', '-'], ['-', '-', '-', 'O', '-', '-', '-'], ['-', '-', '-', 'X', '-', '-', '-']]",drop 4
"[['-', '-', '-', '-', '-', '-', '-'], ['-', '-', '-', '-', '-', '-', '-'], ['-', '-', '-', '-', '-', '-', '-'], ['-', '-', '-', '-', '-', '-', '-'], ['-', '-', '-', 'O', '-', '-', '-'], ['-', '-', '-', 'X', 'X', '-', '-']]",drop 4
"[['-', '-', '-', '-', '-', '-', '-'], ['-', '-', '-', '-', '-', '-', '-'], ['-', '-', '-', '-', '-', '-', '-'], ['-', '-', '-', '-', '-', '-', '-'], ['-', '-', '-', 'O', 'O', '-', '-'], ['-', '-', '-', 'X', 'X', '-', '-']]",drop 5
"[['-', '-', '-', '-', '-', '-', '-'], ['-', '-', '-', '-', '-', '-', '-'], ['-', '-', '-', '-', '-', '-', '-'], ['-', '-', '-', '-', '-', '-', '-'], ['-', '-', '-', 'O', 'O', '-', '-'], ['-', '-', '-', 'X', 'X', 'X', '-']]",drop 6
"[['-', '-', '-', '-', '-', '-', '-'], ['-', '-', '-', '-', '-', '-', '-'], ['-', '-', '-', '-', '-', '-', '-'], ['-', '-', '-', '-', '-', '-', '-'], ['-', '-', '-', 'O', 'O', '-', '-'], ['-', '-', '-', 'X', 'X', 'X', 'O']]",drop 2
"[['-', '-', '-', '-', '-', '-', '-'], ['-', '-', '-', '-', '-', '-', '-'], ['-', '-', '-', '-', '-', '-', '-'], ['-', '-', '-', '-', '-', '-', '-'], ['-', '-', '-', '-', '-', '-', '-'], ['-', '-', '-', '-', '-', '-', '-']]",drop 3
"[['-', '-', '-', '-', '-', '-', '-'], ['-', '-', '-', '-', '-', '-', '-'], ['-', '-', '-', '-', '-', '-', '-'], ['-', '-', '-', '-', '-', '-', '-'], ['-', '-', '-', '-', '-', '-', '-'], ['-', '-', '-', 'X', '-', '-', '-']]",drop 3
"[['-', '-', '-', '-', '-', '-', '-'], ['-', '-', '-', '-', '-', '-', '-'], ['-', '-', '-', '-', '-', '-', '-'], ['-', '-', '-', '-', '-', '-', '-'], ['-', '-', '-', 'O', '-', '-', '-'], ['-', '-', '-', 'X', '-', '-', '-']]",drop 3
"[['-', '-', '-', '-', '-', '-', '-'], ['-', '-', '-', '-', '-', '-', '-'], ['-', '-', '-', '-', '-', '-', '-'], ['-', '-', '-', 'X', '-', '-', '-'], ['-', '-', '-', 'O', '-', '-', '-'], ['-', '-', '-', 'X', '-', '-', '-']]",drop 4
"[['-', '-', '-', '-', '-', '-', '-'], ['-', '-', '-', '-', '-', '-', '-'], ['-', '-', '-', '-', '-', '-', '-'], ['-', '-', '-', 'X', '-', '-', '-'], ['-', '-', '-', 'O', '-', '-', '-'], ['-', '-', '-', 'X', 'O', '-', '-']]",drop 4
"[['-', '-', '-', '-', '-', '-', '-'], ['-', '-', '-', '-', '-', '-', '-'], ['-', '-', '-', '-', '-', '-', '-'], ['-', '-', '-', 'X', '-', '-', '-'], ['-', '-', '-', 'O', 'X', '-', '-'], ['-', '-', '-', 'X', 'O', '-', '-']]",drop 5
"[['-', '-', '-', '-', '-', '-', '-'], ['-', '-', '-', '-', '-', '-', '-'], ['-', '-', '-', '-', '-', '-', '-'], ['-', '-', '-', 'X', '-', '-', '-'], ['-', '-', '-', 'O', 'X', '-', '-'], ['-', '-', '-', 'X', 'O', 'O', '-']]",drop 4
"[['-', '-', '-', '-', '-', '-', '-'], ['-', '-', '-', '-', '-', '-', '-'], ['-', '-', '-', '-', '-', '-', '-'], ['-', '-', '-', 'X', 'X', '-', '-'], ['-', '-', '-', 'O', 'X', '-', '-'], ['-', '-', '-', 'X', 'O', 'O', '-']]",drop 4
"[['-', '-', '-', '-', '-', '-', '-'], ['-', '-', '-', '-', '-', '-', '-'], ['-', '-', '-', '-', 'O', '-', '-'], ['-', '-', '-', 'X', 'X', '-', '-'], ['-', '-', '-', 'O', 'X', '-', '-'], ['-', '-', '-', 'X', 'O', 'O', '-']]",drop 5
"[['-', '-', '-', '-', '-', '-', '-'], ['-', '-', '-', '-', '-', '-', '-'], ['-', '-', '-', '-', 'O', '-', '-'], ['-', '-', '-', 'X', 'X', '-', '-'], ['-', '-', '-', 'O', 'X', 'X', '-'], ['-', '-', '-', 'X', 'O', 'O', '-']]",drop 3
"[['-', '-', '-', '-', '-', '-', '-'], ['-', '-', '-', '-', '-', '-', '-'], ['-', '-', '-', 'O', 'O', '-', '-'], ['-', '-', '-', 'X', 'X', '-', '-'], ['-', '-', '-', 'O', 'X', 'X', '-'], ['-', '-', '-', 'X', 'O', 'O', '-']]",drop 2
"[['-', '-', '-', '-', '-', '-', '-'], ['-', '-', '-', '-', '-', '-', '-'], ['-', '-', '-', 'O', 'O', '-', '-'], ['-', '-', '-', 'X', 'X', '-', '-'], ['-', '-', '-', 'O', 'X', 'X', '-'], ['-', '-', 'X', 'X', 'O', 'O', '-']]",drop 2
"[['-', '-', '-', '-', '-', '-', '-'], ['-', '-', '-', '-', '-', '-', '-'], ['-', '-', '-', 'O', 'O', '-', '-'], ['-', '-', '-', 'X', 'X', '-', '-'], ['-', '-', 'O', 'O', 'X', 'X', '-'], ['-', '-', 'X', 'X', 'O', 'O', '-']]",drop 2
"[['-', '-', '-', '-', '-', '-', '-'], ['-', '-', '-', '-', '-', '-', '-'], ['-', '-', '-', 'O', 'O', '-', '-'], ['-', '-', 'X', 'X', 'X', '-', '-'], ['-', '-', 'O', 'O', 'X', 'X', '-'], ['-', '-', 'X', 'X', 'O', 'O', '-']]",drop 5
"[['-', '-', '-', '-', '-', '-', '-'], ['-', '-', '-', '-', '-', '-', '-'], ['-', '-', '-', 'O', 'O', '-', '-'], ['-', '-', 'X', 'X', 'X', 'O', '-'], ['-', '-', 'O', 'O', 'X', 'X', '-'], ['-', '-', 'X', 'X', 'O', 'O', '-']]",drop 5
"[['-', '-', '-', '-', '-', '-', '-'], ['-', '-', '-', '-', '-', '-', '-'], ['-', '-', '-', 'O', 'O', 'X', '-'], ['-', '-', 'X', 'X', 'X', 'O', '-'], ['-', '-', 'O', 'O', 'X', 'X', '-'], ['-', '-', 'X', 'X', 'O', 'O', '-']]",pop 4
"[['-', '-', '-', '-', '-', '-', '-'], ['-', '-', '-', '-', '-', '-', '-'], ['-', '-', '-', 'O', '-', 'X', '-'], ['-', '-', 'X', 'X', 'O', 'O', '-'], ['-', '-', 'O', 'O', 'X', 'X', '-'], ['-', '-', 'X', 'X', 'X', 'O', '-']]",drop 1
"[['-', '-', '-', '-', '-', '-', '-'], ['-', '-', '-', '-', '-', '-', '-'], ['-', '-', '-', '-', '-', '-', '-'], ['-', '-', '-', '-', '-', '-', '-'], ['-', '-', '-', '-', '-', '-', '-'], ['-', '-', '-', '-', '-', '-', '-']]",drop 3
"[['-', '-', '-', '-', '-', '-', '-'], ['-', '-', '-', '-', '-', '-', '-'], ['-', '-', '-', '-', '-', '-', '-'], ['-', '-', '-', '-', '-', '-', '-'], ['-', '-', '-', '-', '-', '-', '-'], ['-', '-', '-', 'X', '-', '-', '-']]",drop 3
"[['-', '-', '-', '-', '-', '-', '-'], ['-', '-', '-', '-', '-', '-', '-'], ['-', '-', '-', '-', '-', '-', '-'], ['-', '-', '-', '-', '-', '-', '-'], ['-', '-', '-', 'O', '-', '-', '-'], ['-', '-', '-', 'X', '-', '-', '-']]",drop 4
"[['-', '-', '-', '-', '-', '-', '-'], ['-', '-', '-', '-', '-', '-', '-'], ['-', '-', '-', '-', '-', '-', '-'], ['-', '-', '-', '-', '-', '-', '-'], ['-', '-', '-', 'O', '-', '-', '-'], ['-', '-', '-', 'X', 'X', '-', '-']]",drop 5
"[['-', '-', '-', '-', '-', '-', '-'], ['-', '-', '-', '-', '-', '-', '-'], ['-', '-', '-', '-', '-', '-', '-'], ['-', '-', '-', '-', '-', '-', '-'], ['-', '-', '-', 'O', '-', '-', '-'], ['-', '-', '-', 'X', 'X', 'O', '-']]",drop 2
"[['-', '-', '-', '-', '-', '-', '-'], ['-', '-', '-', '-', '-', '-', '-'], ['-', '-', '-', '-', '-', '-', '-'], ['-', '-', '-', '-', '-', '-', '-'], ['-', '-', '-', 'O', '-', '-', '-'], ['-', '-', 'X', 'X', 'X', 'O', '-']]",drop 1
"[['-', '-', '-', '-', '-', '-', '-'], ['-', '-', '-', '-', '-', '-', '-'], ['-', '-', '-', '-', '-', '-', '-'], ['-', '-', '-', '-', '-', '-', '-'], ['-', '-', '-', 'O', '-', '-', '-'], ['-', 'O', 'X', 'X', 'X', 'O', '-']]",drop 2
"[['-', '-', '-', '-', '-', '-', '-'], ['-', '-', '-', '-', '-', '-', '-'], ['-', '-', '-', '-', '-', '-', '-'], ['-', '-', '-', '-', '-', '-', '-'], ['-', '-', 'X', 'O', '-', '-', '-'], ['-', 'O', 'X', 'X', 'X', 'O', '-']]",drop 5
"[['-', '-', '-', '-', '-', '-', '-'], ['-', '-', '-', '-', '-', '-', '-'], ['-', '-', '-', '-', '-', '-', '-'], ['-', '-', '-', '-', '-', '-', '-'], ['-', '-', 'X', 'O', '-', 'O', '-'], ['-', 'O', 'X', 'X', 'X', 'O', '-']]",drop 2
"[['-', '-', '-', '-', '-', '-', '-'], ['-', '-', '-', '-', '-', '-', '-'], ['-', '-', '-', '-', '-', '-', '-'], ['-', '-', 'X', '-', '-', '-', '-'], ['-', '-', 'X', 'O', '-', 'O', '-'], ['-', 'O', 'X', 'X', 'X', 'O', '-']]",drop 2
"[['-', '-', '-', '-', '-', '-', '-'], ['-', '-', '-', '-', '-', '-', '-'], ['-', '-', 'O', '-', '-', '-', '-'], ['-', '-', 'X', '-', '-', '-', '-'], ['-', '-', 'X', 'O', '-', 'O', '-'], ['-', 'O', 'X', 'X', 'X', 'O', '-']]",drop 4
"[['-', '-', '-', '-', '-', '-', '-'], ['-', '-', '-', '-', '-', '-', '-'], ['-', '-', 'O', '-', '-', '-', '-'], ['-', '-', 'X', '-', '-', '-', '-'], ['-', '-', 'X', 'O', 'X', 'O', '-'], ['-', 'O', 'X', 'X', 'X', 'O', '-']]",drop 5
"[['-', '-', '-', '-', '-', '-', '-'], ['-', '-', '-', '-', '-', '-', '-'], ['-', '-', 'O', '-', '-', '-', '-'], ['-', '-', 'X', '-', '-', 'O', '-'], ['-', '-', 'X', 'O', 'X', 'O', '-'], ['-', 'O', 'X', 'X', 'X', 'O', '-']]",drop 5
"[['-', '-', '-', '-', '-', '-', '-'], ['-', '-', '-', '-', '-', '-', '-'], ['-', '-', 'O', '-', '-', 'X', '-'], ['-', '-', 'X', '-', '-', 'O', '-'], ['-', '-', 'X', 'O', 'X', 'O', '-'], ['-', 'O', 'X', 'X', 'X', 'O', '-']]",drop 3
"[['-', '-', '-', '-', '-', '-', '-'], ['-', '-', '-', '-', '-', '-', '-'], ['-', '-', 'O', '-', '-', 'X', '-'], ['-', '-', 'X', 'O', '-', 'O', '-'], ['-', '-', 'X', 'O', 'X', 'O', '-'], ['-', 'O', 'X', 'X', 'X', 'O', '-']]",drop 4
"[['-', '-', '-', '-', '-', '-', '-'], ['-', '-', '-', '-', '-', '-', '-'], ['-', '-', 'O', '-', '-', 'X', '-'], ['-', '-', 'X', 'O', 'X', 'O', '-'], ['-', '-', 'X', 'O', 'X', 'O', '-'], ['-', 'O', 'X', 'X', 'X', 'O', '-']]",drop 4
"[['-', '-', '-', '-', '-', '-', '-'], ['-', '-', '-', '-', '-', '-', '-'], ['-', '-', 'O', '-', 'O', 'X', '-'], ['-', '-', 'X', 'O', 'X', 'O', '-'], ['-', '-', 'X', 'O', 'X', 'O', '-'], ['-', 'O', 'X', 'X', 'X', 'O', '-']]",drop 3
"[['-', '-', '-', '-', '-', '-', '-'], ['-', '-', '-', '-', '-', '-', '-'], ['-', '-', 'O', 'X', 'O', 'X', '-'], ['-', '-', 'X', 'O', 'X', 'O', '-'], ['-', '-', 'X', 'O', 'X', 'O', '-'], ['-', 'O', 'X', 'X', 'X', 'O', '-']]",drop 3
"[['-', '-', '-', '-', '-', '-', '-'], ['-', '-', '-', 'O', '-', '-', '-'], ['-', '-', 'O', 'X', 'O', 'X', '-'], ['-', '-', 'X', 'O', 'X', 'O', '-'], ['-', '-', 'X', 'O', 'X', 'O', '-'], ['-', 'O', 'X', 'X', 'X', 'O', '-']]",drop 1
"[['-', '-', '-', '-', '-', '-', '-'], ['-', '-', '-', 'O', '-', '-', '-'], ['-', '-', 'O', 'X', 'O', 'X', '-'], ['-', '-', 'X', 'O', 'X', 'O', '-'], ['-', 'X', 'X', 'O', 'X', 'O', '-'], ['-', 'O', 'X', 'X', 'X', 'O', '-']]",drop 0
"[['-', '-', '-', '-', '-', '-', '-'], ['-', '-', '-', 'O', '-', '-', '-'], ['-', '-', 'O', 'X', 'O', 'X', '-'], ['-', '-', 'X', 'O', 'X', 'O', '-'], ['-', 'X', 'X', 'O', 'X', 'O', '-'], ['O', 'O', 'X', 'X', 'X', 'O', '-']]",drop 4
"[['-', '-', '-', '-', '-', '-', '-'], ['-', '-', '-', '-', '-', '-', '-'], ['-', '-', '-', '-', '-', '-', '-'], ['-', '-', '-', '-', '-', '-', '-'], ['-', '-', '-', '-', '-', '-', '-'], ['-', '-', '-', '-', '-', '-', '-']]",drop 3
"[['-', '-', '-', '-', '-', '-', '-'], ['-', '-', '-', '-', '-', '-', '-'], ['-', '-', '-', '-', '-', '-', '-'], ['-', '-', '-', '-', '-', '-', '-'], ['-', '-', '-', '-', '-', '-', '-'], ['-', '-', '-', 'X', '-', '-', '-']]",drop 3
"[['-', '-', '-', '-', '-', '-', '-'], ['-', '-', '-', '-', '-', '-', '-'], ['-', '-', '-', '-', '-', '-', '-'], ['-', '-', '-', '-', '-', '-', '-'], ['-', '-', '-', 'O', '-', '-', '-'], ['-', '-', '-', 'X', '-', '-', '-']]",drop 4
"[['-', '-', '-', '-', '-', '-', '-'], ['-', '-', '-', '-', '-', '-', '-'], ['-', '-', '-', '-', '-', '-', '-'], ['-', '-', '-', '-', '-', '-', '-'], ['-', '-', '-', 'O', '-', '-', '-'], ['-', '-', '-', 'X', 'X', '-', '-']]",drop 3
"[['-', '-', '-', '-', '-', '-', '-'], ['-', '-', '-', '-', '-', '-', '-'], ['-', '-', '-', '-', '-', '-', '-'], ['-', '-', '-', 'O', '-', '-', '-'], ['-', '-', '-', 'O', '-', '-', '-'], ['-', '-', '-', 'X', 'X', '-', '-']]",drop 2
"[['-', '-', '-', '-', '-', '-', '-'], ['-', '-', '-', '-', '-', '-', '-'], ['-', '-', '-', '-', '-', '-', '-'], ['-', '-', '-', 'O', '-', '-', '-'], ['-', '-', '-', 'O', '-', '-', '-'], ['-', '-', 'X', 'X', 'X', '-', '-']]",drop 5
"[['-', '-', '-', '-', '-', '-', '-'], ['-', '-', '-', '-', '-', '-', '-'], ['-', '-', '-', '-', '-', '-', '-'], ['-', '-', '-', 'O', '-', '-', '-'], ['-', '-', '-', 'O', '-', '-', '-'], ['-', '-', 'X', 'X', 'X', 'O', '-']]",drop 1
"[['-', '-', '-', '-', '-', '-', '-'], ['-', '-', '-', '-', '-', '-', '-'], ['-', '-', '-', '-', '-', '-', '-'], ['-', '-', '-', '-', '-', '-', '-'], ['-', '-', '-', '-', '-', '-', '-'], ['-', '-', '-', '-', '-', '-', '-']]",drop 3
"[['-', '-', '-', '-', '-', '-', '-'], ['-', '-', '-', '-', '-', '-', '-'], ['-', '-', '-', '-', '-', '-', '-'], ['-', '-', '-', '-', '-', '-', '-'], ['-', '-', '-', '-', '-', '-', '-'], ['-', '-', '-', 'X', '-', '-', '-']]",drop 3
"[['-', '-', '-', '-', '-', '-', '-'], ['-', '-', '-', '-', '-', '-', '-'], ['-', '-', '-', '-', '-', '-', '-'], ['-', '-', '-', '-', '-', '-', '-'], ['-', '-', '-', 'O', '-', '-', '-'], ['-', '-', '-', 'X', '-', '-', '-']]",drop 3
"[['-', '-', '-', '-', '-', '-', '-'], ['-', '-', '-', '-', '-', '-', '-'], ['-', '-', '-', '-', '-', '-', '-'], ['-', '-', '-', 'X', '-', '-', '-'], ['-', '-', '-', 'O', '-', '-', '-'], ['-', '-', '-', 'X', '-', '-', '-']]",drop 3
"[['-', '-', '-', '-', '-', '-', '-'], ['-', '-', '-', '-', '-', '-', '-'], ['-', '-', '-', 'O', '-', '-', '-'], ['-', '-', '-', 'X', '-', '-', '-'], ['-', '-', '-', 'O', '-', '-', '-'], ['-', '-', '-', 'X', '-', '-', '-']]",drop 5
"[['-', '-', '-', '-', '-', '-', '-'], ['-', '-', '-', '-', '-', '-', '-'], ['-', '-', '-', 'O', '-', '-', '-'], ['-', '-', '-', 'X', '-', '-', '-'], ['-', '-', '-', 'O', '-', '-', '-'], ['-', '-', '-', 'X', '-', 'X', '-']]",drop 4
"[['-', '-', '-', '-', '-', '-', '-'], ['-', '-', '-', '-', '-', '-', '-'], ['-', '-', '-', 'O', '-', '-', '-'], ['-', '-', '-', 'X', '-', '-', '-'], ['-', '-', '-', 'O', '-', '-', '-'], ['-', '-', '-', 'X', 'O', 'X', '-']]",drop 4
"[['-', '-', '-', '-', '-', '-', '-'], ['-', '-', '-', '-', '-', '-', '-'], ['-', '-', '-', 'O', '-', '-', '-'], ['-', '-', '-', 'X', '-', '-', '-'], ['-', '-', '-', 'O', 'X', '-', '-'], ['-', '-', '-', 'X', 'O', 'X', '-']]",drop 5
"[['-', '-', '-', '-', '-', '-', '-'], ['-', '-', '-', '-', '-', '-', '-'], ['-', '-', '-', 'O', '-', '-', '-'], ['-', '-', '-', 'X', '-', '-', '-'], ['-', '-', '-', 'O', 'X', 'O', '-'], ['-', '-', '-', 'X', 'O', 'X', '-']]",drop 4
"[['-', '-', '-', '-', '-', '-', '-'], ['-', '-', '-', '-', '-', '-', '-'], ['-', '-', '-', 'O', '-', '-', '-'], ['-', '-', '-', 'X', 'X', '-', '-'], ['-', '-', '-', 'O', 'X', 'O', '-'], ['-', '-', '-', 'X', 'O', 'X', '-']]",drop 4
"[['-', '-', '-', '-', '-', '-', '-'], ['-', '-', '-', '-', '-', '-', '-'], ['-', '-', '-', 'O', 'O', '-', '-'], ['-', '-', '-', 'X', 'X', '-', '-'], ['-', '-', '-', 'O', 'X', 'O', '-'], ['-', '-', '-', 'X', 'O', 'X', '-']]",drop 5
"[['-', '-', '-', '-', '-', '-', '-'], ['-', '-', '-', '-', '-', '-', '-'], ['-', '-', '-', 'O', 'O', '-', '-'], ['-', '-', '-', 'X', 'X', 'X', '-'], ['-', '-', '-', 'O', 'X', 'O', '-'], ['-', '-', '-', 'X', 'O', 'X', '-']]",drop 6
"[['-', '-', '-', '-', '-', '-', '-'], ['-', '-', '-', '-', '-', '-', '-'], ['-', '-', '-', 'O', 'O', '-', '-'], ['-', '-', '-', 'X', 'X', 'X', '-'], ['-', '-', '-', 'O', 'X', 'O', '-'], ['-', '-', '-', 'X', 'O', 'X', 'O']]",pop 5
"[['-', '-', '-', '-', '-', '-', '-'], ['-', '-', '-', '-', '-', '-', '-'], ['-', '-', '-', 'O', 'O', '-', '-'], ['-', '-', '-', 'X', 'X', '-', '-'], ['-', '-', '-', 'O', 'X', 'X', '-'], ['-', '-', '-', 'X', 'O', 'O', 'O']]",drop 6
"[['-', '-', '-', '-', '-', '-', '-'], ['-', '-', '-', '-', '-', '-', '-'], ['-', '-', '-', 'O', 'O', '-', '-'], ['-', '-', '-', 'X', 'X', '-', '-'], ['-', '-', '-', 'O', 'X', 'X', 'O'], ['-', '-', '-', 'X', 'O', 'O', 'O']]",drop 5
"[['-', '-', '-', '-', '-', '-', '-'], ['-', '-', '-', '-', '-', '-', '-'], ['-', '-', '-', 'O', 'O', '-', '-'], ['-', '-', '-', 'X', 'X', 'X', '-'], ['-', '-', '-', 'O', 'X', 'X', 'O'], ['-', '-', '-', 'X', 'O', 'O', 'O']]",pop 5
"[['-', '-', '-', '-', '-', '-', '-'], ['-', '-', '-', '-', '-', '-', '-'], ['-', '-', '-', 'O', 'O', '-', '-'], ['-', '-', '-', 'X', 'X', '-', '-'], ['-', '-', '-', 'O', 'X', 'X', 'O'], ['-', '-', '-', 'X', 'O', 'X', 'O']]",drop 5
"[['-', '-', '-', '-', '-', '-', '-'], ['-', '-', '-', '-', '-', '-', '-'], ['-', '-', '-', 'O', 'O', '-', '-'], ['-', '-', '-', 'X', 'X', 'X', '-'], ['-', '-', '-', 'O', 'X', 'X', 'O'], ['-', '-', '-', 'X', 'O', 'X', 'O']]",drop 5
"[['-', '-', '-', '-', '-', '-', '-'], ['-', '-', '-', '-', '-', '-', '-'], ['-', '-', '-', 'O', 'O', 'O', '-'], ['-', '-', '-', 'X', 'X', 'X', '-'], ['-', '-', '-', 'O', 'X', 'X', 'O'], ['-', '-', '-', 'X', 'O', 'X', 'O']]",drop 6
"[['-', '-', '-', '-', '-', '-', '-'], ['-', '-', '-', '-', '-', '-', '-'], ['-', '-', '-', '-', '-', '-', '-'], ['-', '-', '-', '-', '-', '-', '-'], ['-', '-', '-', '-', '-', '-', '-'], ['-', '-', '-', '-', '-', '-', '-']]",drop 3
"[['-', '-', '-', '-', '-', '-', '-'], ['-', '-', '-', '-', '-', '-', '-'], ['-', '-', '-', '-', '-', '-', '-'], ['-', '-', '-', '-', '-', '-', '-'], ['-', '-', '-', '-', '-', '-', '-'], ['-', '-', '-', 'X', '-', '-', '-']]",drop 3
"[['-', '-', '-', '-', '-', '-', '-'], ['-', '-', '-', '-', '-', '-', '-'], ['-', '-', '-', '-', '-', '-', '-'], ['-', '-', '-', '-', '-', '-', '-'], ['-', '-', '-', 'O', '-', '-', '-'], ['-', '-', '-', 'X', '-', '-', '-']]",drop 4
"[['-', '-', '-', '-', '-', '-', '-'], ['-', '-', '-', '-', '-', '-', '-'], ['-', '-', '-', '-', '-', '-', '-'], ['-', '-', '-', '-', '-', '-', '-'], ['-', '-', '-', 'O', '-', '-', '-'], ['-', '-', '-', 'X', 'X', '-', '-']]",drop 3
"[['-', '-', '-', '-', '-', '-', '-'], ['-', '-', '-', '-', '-', '-', '-'], ['-', '-', '-', '-', '-', '-', '-'], ['-', '-', '-', 'O', '-', '-', '-'], ['-', '-', '-', 'O', '-', '-', '-'], ['-', '-', '-', 'X', 'X', '-', '-']]",drop 2
"[['-', '-', '-', '-', '-', '-', '-'], ['-', '-', '-', '-', '-', '-', '-'], ['-', '-', '-', '-', '-', '-', '-'], ['-', '-', '-', 'O', '-', '-', '-'], ['-', '-', '-', 'O', '-', '-', '-'], ['-', '-', 'X', 'X', 'X', '-', '-']]",drop 1
"[['-', '-', '-', '-', '-', '-', '-'], ['-', '-', '-', '-', '-', '-', '-'], ['-', '-', '-', '-', '-', '-', '-'], ['-', '-', '-', 'O', '-', '-', '-'], ['-', '-', '-', 'O', '-', '-', '-'], ['-', 'O', 'X', 'X', 'X', '-', '-']]",drop 5
"[['-', '-', '-', '-', '-', '-', '-'], ['-', '-', '-', '-', '-', '-', '-'], ['-', '-', '-', '-', '-', '-', '-'], ['-', '-', '-', '-', '-', '-', '-'], ['-', '-', '-', '-', '-', '-', '-'], ['-', '-', '-', '-', '-', '-', '-']]",drop 3
"[['-', '-', '-', '-', '-', '-', '-'], ['-', '-', '-', '-', '-', '-', '-'], ['-', '-', '-', '-', '-', '-', '-'], ['-', '-', '-', '-', '-', '-', '-'], ['-', '-', '-', '-', '-', '-', '-'], ['-', '-', '-', 'X', '-', '-', '-']]",drop 3
"[['-', '-', '-', '-', '-', '-', '-'], ['-', '-', '-', '-', '-', '-', '-'], ['-', '-', '-', '-', '-', '-', '-'], ['-', '-', '-', '-', '-', '-', '-'], ['-', '-', '-', 'O', '-', '-', '-'], ['-', '-', '-', 'X', '-', '-', '-']]",drop 2
"[['-', '-', '-', '-', '-', '-', '-'], ['-', '-', '-', '-', '-', '-', '-'], ['-', '-', '-', '-', '-', '-', '-'], ['-', '-', '-', '-', '-', '-', '-'], ['-', '-', '-', 'O', '-', '-', '-'], ['-', '-', 'X', 'X', '-', '-', '-']]",drop 3
"[['-', '-', '-', '-', '-', '-', '-'], ['-', '-', '-', '-', '-', '-', '-'], ['-', '-', '-', '-', '-', '-', '-'], ['-', '-', '-', 'O', '-', '-', '-'], ['-', '-', '-', 'O', '-', '-', '-'], ['-', '-', 'X', 'X', '-', '-', '-']]",drop 4
"[['-', '-', '-', '-', '-', '-', '-'], ['-', '-', '-', '-', '-', '-', '-'], ['-', '-', '-', '-', '-', '-', '-'], ['-', '-', '-', 'O', '-', '-', '-'], ['-', '-', '-', 'O', '-', '-', '-'], ['-', '-', 'X', 'X', 'X', '-', '-']]",drop 5
"[['-', '-', '-', '-', '-', '-', '-'], ['-', '-', '-', '-', '-', '-', '-'], ['-', '-', '-', '-', '-', '-', '-'], ['-', '-', '-', 'O', '-', '-', '-'], ['-', '-', '-', 'O', '-', '-', '-'], ['-', '-', 'X', 'X', 'X', 'O', '-']]",drop 1
"[['-', '-', '-', '-', '-', '-', '-'], ['-', '-', '-', '-', '-', '-', '-'], ['-', '-', '-', '-', '-', '-', '-'], ['-', '-', '-', '-', '-', '-', '-'], ['-', '-', '-', '-', '-', '-', '-'], ['-', '-', '-', '-', '-', '-', '-']]",drop 3
"[['-', '-', '-', '-', '-', '-', '-'], ['-', '-', '-', '-', '-', '-', '-'], ['-', '-', '-', '-', '-', '-', '-'], ['-', '-', '-', '-', '-', '-', '-'], ['-', '-', '-', '-', '-', '-', '-'], ['-', '-', '-', 'X', '-', '-', '-']]",drop 3
"[['-', '-', '-', '-', '-', '-', '-'], ['-', '-', '-', '-', '-', '-', '-'], ['-', '-', '-', '-', '-', '-', '-'], ['-', '-', '-', '-', '-', '-', '-'], ['-', '-', '-', 'O', '-', '-', '-'], ['-', '-', '-', 'X', '-', '-', '-']]",drop 3
"[['-', '-', '-', '-', '-', '-', '-'], ['-', '-', '-', '-', '-', '-', '-'], ['-', '-', '-', '-', '-', '-', '-'], ['-', '-', '-', 'X', '-', '-', '-'], ['-', '-', '-', 'O', '-', '-', '-'], ['-', '-', '-', 'X', '-', '-', '-']]",drop 2
"[['-', '-', '-', '-', '-', '-', '-'], ['-', '-', '-', '-', '-', '-', '-'], ['-', '-', '-', '-', '-', '-', '-'], ['-', '-', '-', 'X', '-', '-', '-'], ['-', '-', '-', 'O', '-', '-', '-'], ['-', '-', 'O', 'X', '-', '-', '-']]",drop 4
"[['-', '-', '-', '-', '-', '-', '-'], ['-', '-', '-', '-', '-', '-', '-'], ['-', '-', '-', '-', '-', '-', '-'], ['-', '-', '-', 'X', '-', '-', '-'], ['-', '-', '-', 'O', '-', '-', '-'], ['-', '-', 'O', 'X', 'X', '-', '-']]",drop 4
"[['-', '-', '-', '-', '-', '-', '-'], ['-', '-', '-', '-', '-', '-', '-'], ['-', '-', '-', '-', '-', '-', '-'], ['-', '-', '-', 'X', '-', '-', '-'], ['-', '-', '-', 'O', 'O', '-', '-'], ['-', '-', 'O', 'X', 'X', '-', '-']]",drop 6
"[['-', '-', '-', '-', '-', '-', '-'], ['-', '-', '-', '-', '-', '-', '-'], ['-', '-', '-', '-', '-', '-', '-'], ['-', '-', '-', 'X', '-', '-', '-'], ['-', '-', '-', 'O', 'O', '-', '-'], ['-', '-', 'O', 'X', 'X', '-', 'X']]",drop 5
"[['-', '-', '-', '-', '-', '-', '-'], ['-', '-', '-', '-', '-', '-', '-'], ['-', '-', '-', '-', '-', '-', '-'], ['-', '-', '-', 'X', '-', '-', '-'], ['-', '-', '-', 'O', 'O', '-', '-'], ['-', '-', 'O', 'X', 'X', 'O', 'X']]",drop 5
"[['-', '-', '-', '-', '-', '-', '-'], ['-', '-', '-', '-', '-', '-', '-'], ['-', '-', '-', '-', '-', '-', '-'], ['-', '-', '-', 'X', '-', '-', '-'], ['-', '-', '-', 'O', 'O', 'X', '-'], ['-', '-', 'O', 'X', 'X', 'O', 'X']]",drop 4
"[['-', '-', '-', '-', '-', '-', '-'], ['-', '-', '-', '-', '-', '-', '-'], ['-', '-', '-', '-', '-', '-', '-'], ['-', '-', '-', 'X', 'O', '-', '-'], ['-', '-', '-', 'O', 'O', 'X', '-'], ['-', '-', 'O', 'X', 'X', 'O', 'X']]",drop 4
"[['-', '-', '-', '-', '-', '-', '-'], ['-', '-', '-', '-', '-', '-', '-'], ['-', '-', '-', '-', 'X', '-', '-'], ['-', '-', '-', 'X', 'O', '-', '-'], ['-', '-', '-', 'O', 'O', 'X', '-'], ['-', '-', 'O', 'X', 'X', 'O', 'X']]",drop 5
"[['-', '-', '-', '-', '-', '-', '-'], ['-', '-', '-', '-', '-', '-', '-'], ['-', '-', '-', '-', 'X', '-', '-'], ['-', '-', '-', 'X', 'O', 'O', '-'], ['-', '-', '-', 'O', 'O', 'X', '-'], ['-', '-', 'O', 'X', 'X', 'O', 'X']]",pop 4
"[['-', '-', '-', '-', '-', '-', '-'], ['-', '-', '-', '-', '-', '-', '-'], ['-', '-', '-', '-', '-', '-', '-'], ['-', '-', '-', 'X', 'X', 'O', '-'], ['-', '-', '-', 'O', 'O', 'X', '-'], ['-', '-', 'O', 'X', 'O', 'O', 'X']]",pop 5
"[['-', '-', '-', '-', '-', '-', '-'], ['-', '-', '-', '-', '-', '-', '-'], ['-', '-', '-', '-', '-', '-', '-'], ['-', '-', '-', 'X', 'X', '-', '-'], ['-', '-', '-', 'O', 'O', 'O', '-'], ['-', '-', 'O', 'X', 'O', 'X', 'X']]",pop 5
"[['-', '-', '-', '-', '-', '-', '-'], ['-', '-', '-', '-', '-', '-', '-'], ['-', '-', '-', '-', '-', '-', '-'], ['-', '-', '-', 'X', 'X', '-', '-'], ['-', '-', '-', 'O', 'O', '-', '-'], ['-', '-', 'O', 'X', 'O', 'O', 'X']]",drop 5
"[['-', '-', '-', '-', '-', '-', '-'], ['-', '-', '-', '-', '-', '-', '-'], ['-', '-', '-', '-', '-', '-', '-'], ['-', '-', '-', 'X', 'X', '-', '-'], ['-', '-', '-', 'O', 'O', 'O', '-'], ['-', '-', 'O', 'X', 'O', 'O', 'X']]",drop 6
"[['-', '-', '-', '-', '-', '-', '-'], ['-', '-', '-', '-', '-', '-', '-'], ['-', '-', '-', '-', '-', '-', '-'], ['-', '-', '-', 'X', 'X', '-', '-'], ['-', '-', '-', 'O', 'O', 'O', 'X'], ['-', '-', 'O', 'X', 'O', 'O', 'X']]",drop 2
"[['-', '-', '-', '-', '-', '-', '-'], ['-', '-', '-', '-', '-', '-', '-'], ['-', '-', '-', '-', '-', '-', '-'], ['-', '-', '-', '-', '-', '-', '-'], ['-', '-', '-', '-', '-', '-', '-'], ['-', '-', '-', '-', '-', '-', '-']]",drop 3
"[['-', '-', '-', '-', '-', '-', '-'], ['-', '-', '-', '-', '-', '-', '-'], ['-', '-', '-', '-', '-', '-', '-'], ['-', '-', '-', '-', '-', '-', '-'], ['-', '-', '-', '-', '-', '-', '-'], ['-', '-', '-', 'X', '-', '-', '-']]",drop 3
"[['-', '-', '-', '-', '-', '-', '-'], ['-', '-', '-', '-', '-', '-', '-'], ['-', '-', '-', '-', '-', '-', '-'], ['-', '-', '-', '-', '-', '-', '-'], ['-', '-', '-', 'O', '-', '-', '-'], ['-', '-', '-', 'X', '-', '-', '-']]",drop 2
"[['-', '-', '-', '-', '-', '-', '-'], ['-', '-', '-', '-', '-', '-', '-'], ['-', '-', '-', '-', '-', '-', '-'], ['-', '-', '-', '-', '-', '-', '-'], ['-', '-', '-', 'O', '-', '-', '-'], ['-', '-', 'X', 'X', '-', '-', '-']]",drop 4
"[['-', '-', '-', '-', '-', '-', '-'], ['-', '-', '-', '-', '-', '-', '-'], ['-', '-', '-', '-', '-', '-', '-'], ['-', '-', '-', '-', '-', '-', '-'], ['-', '-', '-', 'O', '-', '-', '-'], ['-', '-', 'X', 'X', 'O', '-', '-']]",drop 1
"[['-', '-', '-', '-', '-', '-', '-'], ['-', '-', '-', '-', '-', '-', '-'], ['-', '-', '-', '-', '-', '-', '-'], ['-', '-', '-', '-', '-', '-', '-'], ['-', '-', '-', 'O', '-', '-', '-'], ['-', 'X', 'X', 'X', 'O', '-', '-']]",drop 0
"[['-', '-', '-', '-', '-', '-', '-'], ['-', '-', '-', '-', '-', '-', '-'], ['-', '-', '-', '-', '-', '-', '-'], ['-', '-', '-', '-', '-', '-', '-'], ['-', '-', '-', 'O', '-', '-', '-'], ['O', 'X', 'X', 'X', 'O', '-', '-']]",drop 4
"[['-', '-', '-', '-', '-', '-', '-'], ['-', '-', '-', '-', '-', '-', '-'], ['-', '-', '-', '-', '-', '-', '-'], ['-', '-', '-', '-', '-', '-', '-'], ['-', '-', '-', 'O', 'X', '-', '-'], ['O', 'X', 'X', 'X', 'O', '-', '-']]",drop 3
"[['-', '-', '-', '-', '-', '-', '-'], ['-', '-', '-', '-', '-', '-', '-'], ['-', '-', '-', '-', '-', '-', '-'], ['-', '-', '-', 'O', '-', '-', '-'], ['-', '-', '-', 'O', 'X', '-', '-'], ['O', 'X', 'X', 'X', 'O', '-', '-']]",drop 3
"[['-', '-', '-', '-', '-', '-', '-'], ['-', '-', '-', '-', '-', '-', '-'], ['-', '-', '-', 'X', '-', '-', '-'], ['-', '-', '-', 'O', '-', '-', '-'], ['-', '-', '-', 'O', 'X', '-', '-'], ['O', 'X', 'X', 'X', 'O', '-', '-']]",drop 0
"[['-', '-', '-', '-', '-', '-', '-'], ['-', '-', '-', '-', '-', '-', '-'], ['-', '-', '-', 'X', '-', '-', '-'], ['-', '-', '-', 'O', '-', '-', '-'], ['O', '-', '-', 'O', 'X', '-', '-'], ['O', 'X', 'X', 'X', 'O', '-', '-']]",drop 0
"[['-', '-', '-', '-', '-', '-', '-'], ['-', '-', '-', '-', '-', '-', '-'], ['-', '-', '-', 'X', '-', '-', '-'], ['X', '-', '-', 'O', '-', '-', '-'], ['O', '-', '-', 'O', 'X', '-', '-'], ['O', 'X', 'X', 'X', 'O', '-', '-']]",drop 2
"[['-', '-', '-', '-', '-', '-', '-'], ['-', '-', '-', '-', '-', '-', '-'], ['-', '-', '-', 'X', '-', '-', '-'], ['X', '-', '-', 'O', '-', '-', '-'], ['O', '-', 'O', 'O', 'X', '-', '-'], ['O', 'X', 'X', 'X', 'O', '-', '-']]",drop 1
"[['-', '-', '-', '-', '-', '-', '-'], ['-', '-', '-', '-', '-', '-', '-'], ['-', '-', '-', 'X', '-', '-', '-'], ['X', '-', '-', 'O', '-', '-', '-'], ['O', 'X', 'O', 'O', 'X', '-', '-'], ['O', 'X', 'X', 'X', 'O', '-', '-']]",drop 1
"[['-', '-', '-', '-', '-', '-', '-'], ['-', '-', '-', '-', '-', '-', '-'], ['-', '-', '-', 'X', '-', '-', '-'], ['X', 'O', '-', 'O', '-', '-', '-'], ['O', 'X', 'O', 'O', 'X', '-', '-'], ['O', 'X', 'X', 'X', 'O', '-', '-']]",drop 1
"[['-', '-', '-', '-', '-', '-', '-'], ['-', '-', '-', '-', '-', '-', '-'], ['-', 'X', '-', 'X', '-', '-', '-'], ['X', 'O', '-', 'O', '-', '-', '-'], ['O', 'X', 'O', 'O', 'X', '-', '-'], ['O', 'X', 'X', 'X', 'O', '-', '-']]",drop 2
"[['-', '-', '-', '-', '-', '-', '-'], ['-', '-', '-', '-', '-', '-', '-'], ['-', 'X', '-', 'X', '-', '-', '-'], ['X', 'O', 'O', 'O', '-', '-', '-'], ['O', 'X', 'O', 'O', 'X', '-', '-'], ['O', 'X', 'X', 'X', 'O', '-', '-']]",drop 4
"[['-', '-', '-', '-', '-', '-', '-'], ['-', '-', '-', '-', '-', '-', '-'], ['-', 'X', '-', 'X', '-', '-', '-'], ['X', 'O', 'O', 'O', 'X', '-', '-'], ['O', 'X', 'O', 'O', 'X', '-', '-'], ['O', 'X', 'X', 'X', 'O', '-', '-']]",drop 2
"[['-', '-', '-', '-', '-', '-', '-'], ['-', '-', '-', '-', '-', '-', '-'], ['-', 'X', 'O', 'X', '-', '-', '-'], ['X', 'O', 'O', 'O', 'X', '-', '-'], ['O', 'X', 'O', 'O', 'X', '-', '-'], ['O', 'X', 'X', 'X', 'O', '-', '-']]",drop 2
"[['-', '-', '-', '-', '-', '-', '-'], ['-', '-', 'X', '-', '-', '-', '-'], ['-', 'X', 'O', 'X', '-', '-', '-'], ['X', 'O', 'O', 'O', 'X', '-', '-'], ['O', 'X', 'O', 'O', 'X', '-', '-'], ['O', 'X', 'X', 'X', 'O', '-', '-']]",drop 3
"[['-', '-', '-', '-', '-', '-', '-'], ['-', '-', '-', '-', '-', '-', '-'], ['-', '-', '-', '-', '-', '-', '-'], ['-', '-', '-', '-', '-', '-', '-'], ['-', '-', '-', '-', '-', '-', '-'], ['-', '-', '-', '-', '-', '-', '-']]",drop 3
"[['-', '-', '-', '-', '-', '-', '-'], ['-', '-', '-', '-', '-', '-', '-'], ['-', '-', '-', '-', '-', '-', '-'], ['-', '-', '-', '-', '-', '-', '-'], ['-', '-', '-', '-', '-', '-', '-'], ['-', '-', '-', 'X', '-', '-', '-']]",drop 3
"[['-', '-', '-', '-', '-', '-', '-'], ['-', '-', '-', '-', '-', '-', '-'], ['-', '-', '-', '-', '-', '-', '-'], ['-', '-', '-', '-', '-', '-', '-'], ['-', '-', '-', 'O', '-', '-', '-'], ['-', '-', '-', 'X', '-', '-', '-']]",drop 3
"[['-', '-', '-', '-', '-', '-', '-'], ['-', '-', '-', '-', '-', '-', '-'], ['-', '-', '-', '-', '-', '-', '-'], ['-', '-', '-', 'X', '-', '-', '-'], ['-', '-', '-', 'O', '-', '-', '-'], ['-', '-', '-', 'X', '-', '-', '-']]",drop 3
"[['-', '-', '-', '-', '-', '-', '-'], ['-', '-', '-', '-', '-', '-', '-'], ['-', '-', '-', 'O', '-', '-', '-'], ['-', '-', '-', 'X', '-', '-', '-'], ['-', '-', '-', 'O', '-', '-', '-'], ['-', '-', '-', 'X', '-', '-', '-']]",drop 2
"[['-', '-', '-', '-', '-', '-', '-'], ['-', '-', '-', '-', '-', '-', '-'], ['-', '-', '-', 'O', '-', '-', '-'], ['-', '-', '-', 'X', '-', '-', '-'], ['-', '-', '-', 'O', '-', '-', '-'], ['-', '-', 'X', 'X', '-', '-', '-']]",drop 2
"[['-', '-', '-', '-', '-', '-', '-'], ['-', '-', '-', '-', '-', '-', '-'], ['-', '-', '-', 'O', '-', '-', '-'], ['-', '-', '-', 'X', '-', '-', '-'], ['-', '-', 'O', 'O', '-', '-', '-'], ['-', '-', 'X', 'X', '-', '-', '-']]",drop 1
"[['-', '-', '-', '-', '-', '-', '-'], ['-', '-', '-', '-', '-', '-', '-'], ['-', '-', '-', 'O', '-', '-', '-'], ['-', '-', '-', 'X', '-', '-', '-'], ['-', '-', 'O', 'O', '-', '-', '-'], ['-', 'X', 'X', 'X', '-', '-', '-']]",drop 4
"[['-', '-', '-', '-', '-', '-', '-'], ['-', '-', '-', '-', '-', '-', '-'], ['-', '-', '-', 'O', '-', '-', '-'], ['-', '-', '-', 'X', '-', '-', '-'], ['-', '-', 'O', 'O', '-', '-', '-'], ['-', 'X', 'X', 'X', 'O', '-', '-']]",drop 0
"[['-', '-', '-', '-', '-', '-', '-'], ['-', '-', '-', '-', '-', '-', '-'], ['-', '-', '-', '-', '-', '-', '-'], ['-', '-', '-', '-', '-', '-', '-'], ['-', '-', '-', '-', '-', '-', '-'], ['-', '-', '-', '-', '-', '-', '-']]",drop 3
"[['-', '-', '-', '-', '-', '-', '-'], ['-', '-', '-', '-', '-', '-', '-'], ['-', '-', '-', '-', '-', '-', '-'], ['-', '-', '-', '-', '-', '-', '-'], ['-', '-', '-', '-', '-', '-', '-'], ['-', '-', '-', 'X', '-', '-', '-']]",drop 3
"[['-', '-', '-', '-', '-', '-', '-'], ['-', '-', '-', '-', '-', '-', '-'], ['-', '-', '-', '-', '-', '-', '-'], ['-', '-', '-', '-', '-', '-', '-'], ['-', '-', '-', 'O', '-', '-', '-'], ['-', '-', '-', 'X', '-', '-', '-']]",drop 3
"[['-', '-', '-', '-', '-', '-', '-'], ['-', '-', '-', '-', '-', '-', '-'], ['-', '-', '-', '-', '-', '-', '-'], ['-', '-', '-', 'X', '-', '-', '-'], ['-', '-', '-', 'O', '-', '-', '-'], ['-', '-', '-', 'X', '-', '-', '-']]",drop 2
"[['-', '-', '-', '-', '-', '-', '-'], ['-', '-', '-', '-', '-', '-', '-'], ['-', '-', '-', '-', '-', '-', '-'], ['-', '-', '-', 'X', '-', '-', '-'], ['-', '-', '-', 'O', '-', '-', '-'], ['-', '-', 'O', 'X', '-', '-', '-']]",drop 2
"[['-', '-', '-', '-', '-', '-', '-'], ['-', '-', '-', '-', '-', '-', '-'], ['-', '-', '-', '-', '-', '-', '-'], ['-', '-', '-', 'X', '-', '-', '-'], ['-', '-', 'X', 'O', '-', '-', '-'], ['-', '-', 'O', 'X', '-', '-', '-']]",drop 3
"[['-', '-', '-', '-', '-', '-', '-'], ['-', '-', '-', '-', '-', '-', '-'], ['-', '-', '-', 'O', '-', '-', '-'], ['-', '-', '-', 'X', '-', '-', '-'], ['-', '-', 'X', 'O', '-', '-', '-'], ['-', '-', 'O', 'X', '-', '-', '-']]",drop 4
"[['-', '-', '-', '-', '-', '-', '-'], ['-', '-', '-', '-', '-', '-', '-'], ['-', '-', '-', 'O', '-', '-', '-'], ['-', '-', '-', 'X', '-', '-', '-'], ['-', '-', 'X', 'O', '-', '-', '-'], ['-', '-', 'O', 'X', 'X', '-', '-']]",drop 2
"[['-', '-', '-', '-', '-', '-', '-'], ['-', '-', '-', '-', '-', '-', '-'], ['-', '-', '-', 'O', '-', '-', '-'], ['-', '-', 'O', 'X', '-', '-', '-'], ['-', '-', 'X', 'O', '-', '-', '-'], ['-', '-', 'O', 'X', 'X', '-', '-']]",drop 5
"[['-', '-', '-', '-', '-', '-', '-'], ['-', '-', '-', '-', '-', '-', '-'], ['-', '-', '-', 'O', '-', '-', '-'], ['-', '-', 'O', 'X', '-', '-', '-'], ['-', '-', 'X', 'O', '-', '-', '-'], ['-', '-', 'O', 'X', 'X', 'X', '-']]",drop 6
"[['-', '-', '-', '-', '-', '-', '-'], ['-', '-', '-', '-', '-', '-', '-'], ['-', '-', '-', 'O', '-', '-', '-'], ['-', '-', 'O', 'X', '-', '-', '-'], ['-', '-', 'X', 'O', '-', '-', '-'], ['-', '-', 'O', 'X', 'X', 'X', 'O']]",drop 4
"[['-', '-', '-', '-', '-', '-', '-'], ['-', '-', '-', '-', '-', '-', '-'], ['-', '-', '-', 'O', '-', '-', '-'], ['-', '-', 'O', 'X', '-', '-', '-'], ['-', '-', 'X', 'O', 'X', '-', '-'], ['-', '-', 'O', 'X', 'X', 'X', 'O']]",drop 2
"[['-', '-', '-', '-', '-', '-', '-'], ['-', '-', '-', '-', '-', '-', '-'], ['-', '-', 'O', 'O', '-', '-', '-'], ['-', '-', 'O', 'X', '-', '-', '-'], ['-', '-', 'X', 'O', 'X', '-', '-'], ['-', '-', 'O', 'X', 'X', 'X', 'O']]",drop 5
"[['-', '-', '-', '-', '-', '-', '-'], ['-', '-', '-', '-', '-', '-', '-'], ['-', '-', 'O', 'O', '-', '-', '-'], ['-', '-', 'O', 'X', '-', '-', '-'], ['-', '-', 'X', 'O', 'X', 'X', '-'], ['-', '-', 'O', 'X', 'X', 'X', 'O']]",drop 2
"[['-', '-', '-', '-', '-', '-', '-'], ['-', '-', 'O', '-', '-', '-', '-'], ['-', '-', 'O', 'O', '-', '-', '-'], ['-', '-', 'O', 'X', '-', '-', '-'], ['-', '-', 'X', 'O', 'X', 'X', '-'], ['-', '-', 'O', 'X', 'X', 'X', 'O']]",pop 3
"[['-', '-', '-', '-', '-', '-', '-'], ['-', '-', '-', '-', '-', '-', '-'], ['-', '-', '-', '-', '-', '-', '-'], ['-', '-', '-', '-', '-', '-', '-'], ['-', '-', '-', '-', '-', '-', '-'], ['-', '-', '-', '-', '-', '-', '-']]",drop 3
"[['-', '-', '-', '-', '-', '-', '-'], ['-', '-', '-', '-', '-', '-', '-'], ['-', '-', '-', '-', '-', '-', '-'], ['-', '-', '-', '-', '-', '-', '-'], ['-', '-', '-', '-', '-', '-', '-'], ['-', '-', '-', 'X', '-', '-', '-']]",drop 3
"[['-', '-', '-', '-', '-', '-', '-'], ['-', '-', '-', '-', '-', '-', '-'], ['-', '-', '-', '-', '-', '-', '-'], ['-', '-', '-', '-', '-', '-', '-'], ['-', '-', '-', 'O', '-', '-', '-'], ['-', '-', '-', 'X', '-', '-', '-']]",drop 3
"[['-', '-', '-', '-', '-', '-', '-'], ['-', '-', '-', '-', '-', '-', '-'], ['-', '-', '-', '-', '-', '-', '-'], ['-', '-', '-', 'X', '-', '-', '-'], ['-', '-', '-', 'O', '-', '-', '-'], ['-', '-', '-', 'X', '-', '-', '-']]",drop 2
"[['-', '-', '-', '-', '-', '-', '-'], ['-', '-', '-', '-', '-', '-', '-'], ['-', '-', '-', '-', '-', '-', '-'], ['-', '-', '-', 'X', '-', '-', '-'], ['-', '-', '-', 'O', '-', '-', '-'], ['-', '-', 'O', 'X', '-', '-', '-']]",drop 2
"[['-', '-', '-', '-', '-', '-', '-'], ['-', '-', '-', '-', '-', '-', '-'], ['-', '-', '-', '-', '-', '-', '-'], ['-', '-', '-', 'X', '-', '-', '-'], ['-', '-', 'X', 'O', '-', '-', '-'], ['-', '-', 'O', 'X', '-', '-', '-']]",drop 1
"[['-', '-', '-', '-', '-', '-', '-'], ['-', '-', '-', '-', '-', '-', '-'], ['-', '-', '-', '-', '-', '-', '-'], ['-', '-', '-', 'X', '-', '-', '-'], ['-', '-', 'X', 'O', '-', '-', '-'], ['-', 'O', 'O', 'X', '-', '-', '-']]",drop 3
"[['-', '-', '-', '-', '-', '-', '-'], ['-', '-', '-', '-', '-', '-', '-'], ['-', '-', '-', 'X', '-', '-', '-'], ['-', '-', '-', 'X', '-', '-', '-'], ['-', '-', 'X', 'O', '-', '-', '-'], ['-', 'O', 'O', 'X', '-', '-', '-']]",drop 1
"[['-', '-', '-', '-', '-', '-', '-'], ['-', '-', '-', '-', '-', '-', '-'], ['-', '-', '-', 'X', '-', '-', '-'], ['-', '-', '-', 'X', '-', '-', '-'], ['-', 'O', 'X', 'O', '-', '-', '-'], ['-', 'O', 'O', 'X', '-', '-', '-']]",drop 1
"[['-', '-', '-', '-', '-', '-', '-'], ['-', '-', '-', '-', '-', '-', '-'], ['-', '-', '-', 'X', '-', '-', '-'], ['-', 'X', '-', 'X', '-', '-', '-'], ['-', 'O', 'X', 'O', '-', '-', '-'], ['-', 'O', 'O', 'X', '-', '-', '-']]",drop 2
"[['-', '-', '-', '-', '-', '-', '-'], ['-', '-', '-', '-', '-', '-', '-'], ['-', '-', '-', 'X', '-', '-', '-'], ['-', 'X', 'O', 'X', '-', '-', '-'], ['-', 'O', 'X', 'O', '-', '-', '-'], ['-', 'O', 'O', 'X', '-', '-', '-']]",drop 3
"[['-', '-', '-', '-', '-', '-', '-'], ['-', '-', '-', 'X', '-', '-', '-'], ['-', '-', '-', 'X', '-', '-', '-'], ['-', 'X', 'O', 'X', '-', '-', '-'], ['-', 'O', 'X', 'O', '-', '-', '-'], ['-', 'O', 'O', 'X', '-', '-', '-']]",drop 3
"[['-', '-', '-', 'O', '-', '-', '-'], ['-', '-', '-', 'X', '-', '-', '-'], ['-', '-', '-', 'X', '-', '-', '-'], ['-', 'X', 'O', 'X', '-', '-', '-'], ['-', 'O', 'X', 'O', '-', '-', '-'], ['-', 'O', 'O', 'X', '-', '-', '-']]",drop 2
"[['-', '-', '-', 'O', '-', '-', '-'], ['-', '-', '-', 'X', '-', '-', '-'], ['-', '-', 'X', 'X', '-', '-', '-'], ['-', 'X', 'O', 'X', '-', '-', '-'], ['-', 'O', 'X', 'O', '-', '-', '-'], ['-', 'O', 'O', 'X', '-', '-', '-']]",drop 4
"[['-', '-', '-', 'O', '-', '-', '-'], ['-', '-', '-', 'X', '-', '-', '-'], ['-', '-', 'X', 'X', '-', '-', '-'], ['-', 'X', 'O', 'X', '-', '-', '-'], ['-', 'O', 'X', 'O', '-', '-', '-'], ['-', 'O', 'O', 'X', 'O', '-', '-']]",drop 1
"[['-', '-', '-', 'O', '-', '-', '-'], ['-', '-', '-', 'X', '-', '-', '-'], ['-', 'X', 'X', 'X', '-', '-', '-'], ['-', 'X', 'O', 'X', '-', '-', '-'], ['-', 'O', 'X', 'O', '-', '-', '-'], ['-', 'O', 'O', 'X', 'O', '-', '-']]",drop 4
"[['-', '-', '-', 'O', '-', '-', '-'], ['-', '-', '-', 'X', '-', '-', '-'], ['-', 'X', 'X', 'X', '-', '-', '-'], ['-', 'X', 'O', 'X', '-', '-', '-'], ['-', 'O', 'X', 'O', 'O', '-', '-'], ['-', 'O', 'O', 'X', 'O', '-', '-']]",drop 0
"[['-', '-', '-', 'O', '-', '-', '-'], ['-', '-', '-', 'X', '-', '-', '-'], ['-', 'X', 'X', 'X', '-', '-', '-'], ['-', 'X', 'O', 'X', '-', '-', '-'], ['-', 'O', 'X', 'O', 'O', '-', '-'], ['X', 'O', 'O', 'X', 'O', '-', '-']]",pop 2
"[['-', '-', '-', '-', '-', '-', '-'], ['-', '-', '-', '-', '-', '-', '-'], ['-', '-', '-', '-', '-', '-', '-'], ['-', '-', '-', '-', '-', '-', '-'], ['-', '-', '-', '-', '-', '-', '-'], ['-', '-', '-', '-', '-', '-', '-']]",drop 3
"[['-', '-', '-', '-', '-', '-', '-'], ['-', '-', '-', '-', '-', '-', '-'], ['-', '-', '-', '-', '-', '-', '-'], ['-', '-', '-', '-', '-', '-', '-'], ['-', '-', '-', '-', '-', '-', '-'], ['-', '-', '-', 'X', '-', '-', '-']]",drop 3
"[['-', '-', '-', '-', '-', '-', '-'], ['-', '-', '-', '-', '-', '-', '-'], ['-', '-', '-', '-', '-', '-', '-'], ['-', '-', '-', '-', '-', '-', '-'], ['-', '-', '-', 'O', '-', '-', '-'], ['-', '-', '-', 'X', '-', '-', '-']]",drop 4
"[['-', '-', '-', '-', '-', '-', '-'], ['-', '-', '-', '-', '-', '-', '-'], ['-', '-', '-', '-', '-', '-', '-'], ['-', '-', '-', '-', '-', '-', '-'], ['-', '-', '-', 'O', '-', '-', '-'], ['-', '-', '-', 'X', 'X', '-', '-']]",drop 5
"[['-', '-', '-', '-', '-', '-', '-'], ['-', '-', '-', '-', '-', '-', '-'], ['-', '-', '-', '-', '-', '-', '-'], ['-', '-', '-', '-', '-', '-', '-'], ['-', '-', '-', 'O', '-', '-', '-'], ['-', '-', '-', 'X', 'X', 'O', '-']]",drop 2
"[['-', '-', '-', '-', '-', '-', '-'], ['-', '-', '-', '-', '-', '-', '-'], ['-', '-', '-', '-', '-', '-', '-'], ['-', '-', '-', '-', '-', '-', '-'], ['-', '-', '-', 'O', '-', '-', '-'], ['-', '-', 'X', 'X', 'X', 'O', '-']]",drop 1
"[['-', '-', '-', '-', '-', '-', '-'], ['-', '-', '-', '-', '-', '-', '-'], ['-', '-', '-', '-', '-', '-', '-'], ['-', '-', '-', '-', '-', '-', '-'], ['-', '-', '-', 'O', '-', '-', '-'], ['-', 'O', 'X', 'X', 'X', 'O', '-']]",drop 5
"[['-', '-', '-', '-', '-', '-', '-'], ['-', '-', '-', '-', '-', '-', '-'], ['-', '-', '-', '-', '-', '-', '-'], ['-', '-', '-', '-', '-', '-', '-'], ['-', '-', '-', 'O', '-', 'X', '-'], ['-', 'O', 'X', 'X', 'X', 'O', '-']]",drop 1
"[['-', '-', '-', '-', '-', '-', '-'], ['-', '-', '-', '-', '-', '-', '-'], ['-', '-', '-', '-', '-', '-', '-'], ['-', '-', '-', '-', '-', '-', '-'], ['-', 'O', '-', 'O', '-', 'X', '-'], ['-', 'O', 'X', 'X', 'X', 'O', '-']]",drop 3
"[['-', '-', '-', '-', '-', '-', '-'], ['-', '-', '-', '-', '-', '-', '-'], ['-', '-', '-', '-', '-', '-', '-'], ['-', '-', '-', 'X', '-', '-', '-'], ['-', 'O', '-', 'O', '-', 'X', '-'], ['-', 'O', 'X', 'X', 'X', 'O', '-']]",drop 4
"[['-', '-', '-', '-', '-', '-', '-'], ['-', '-', '-', '-', '-', '-', '-'], ['-', '-', '-', '-', '-', '-', '-'], ['-', '-', '-', 'X', '-', '-', '-'], ['-', 'O', '-', 'O', 'O', 'X', '-'], ['-', 'O', 'X', 'X', 'X', 'O', '-']]",drop 2
"[['-', '-', '-', '-', '-', '-', '-'], ['-', '-', '-', '-', '-', '-', '-'], ['-', '-', '-', '-', '-', '-', '-'], ['-', '-', '-', 'X', '-', '-', '-'], ['-', 'O', 'X', 'O', 'O', 'X', '-'], ['-', 'O', 'X', 'X', 'X', 'O', '-']]",drop 1
"[['-', '-', '-', '-', '-', '-', '-'], ['-', '-', '-', '-', '-', '-', '-'], ['-', '-', '-', '-', '-', '-', '-'], ['-', 'O', '-', 'X', '-', '-', '-'], ['-', 'O', 'X', 'O', 'O', 'X', '-'], ['-', 'O', 'X', 'X', 'X', 'O', '-']]",drop 1
"[['-', '-', '-', '-', '-', '-', '-'], ['-', '-', '-', '-', '-', '-', '-'], ['-', 'X', '-', '-', '-', '-', '-'], ['-', 'O', '-', 'X', '-', '-', '-'], ['-', 'O', 'X', 'O', 'O', 'X', '-'], ['-', 'O', 'X', 'X', 'X', 'O', '-']]",drop 2
"[['-', '-', '-', '-', '-', '-', '-'], ['-', '-', '-', '-', '-', '-', '-'], ['-', 'X', '-', '-', '-', '-', '-'], ['-', 'O', 'O', 'X', '-', '-', '-'], ['-', 'O', 'X', 'O', 'O', 'X', '-'], ['-', 'O', 'X', 'X', 'X', 'O', '-']]",drop 3
"[['-', '-', '-', '-', '-', '-', '-'], ['-', '-', '-', '-', '-', '-', '-'], ['-', 'X', '-', 'X', '-', '-', '-'], ['-', 'O', 'O', 'X', '-', '-', '-'], ['-', 'O', 'X', 'O', 'O', 'X', '-'], ['-', 'O', 'X', 'X', 'X', 'O', '-']]",drop 3
"[['-', '-', '-', '-', '-', '-', '-'], ['-', '-', '-', 'O', '-', '-', '-'], ['-', 'X', '-', 'X', '-', '-', '-'], ['-', 'O', 'O', 'X', '-', '-', '-'], ['-', 'O', 'X', 'O', 'O', 'X', '-'], ['-', 'O', 'X', 'X', 'X', 'O', '-']]",drop 4
"[['-', '-', '-', '-', '-', '-', '-'], ['-', '-', '-', 'O', '-', '-', '-'], ['-', 'X', '-', 'X', '-', '-', '-'], ['-', 'O', 'O', 'X', 'X', '-', '-'], ['-', 'O', 'X', 'O', 'O', 'X', '-'], ['-', 'O', 'X', 'X', 'X', 'O', '-']]",drop 6
"[['-', '-', '-', '-', '-', '-', '-'], ['-', '-', '-', 'O', '-', '-', '-'], ['-', 'X', '-', 'X', '-', '-', '-'], ['-', 'O', 'O', 'X', 'X', '-', '-'], ['-', 'O', 'X', 'O', 'O', 'X', '-'], ['-', 'O', 'X', 'X', 'X', 'O', 'O']]",drop 2
"[['-', '-', '-', '-', '-', '-', '-'], ['-', '-', '-', 'O', '-', '-', '-'], ['-', 'X', 'X', 'X', '-', '-', '-'], ['-', 'O', 'O', 'X', 'X', '-', '-'], ['-', 'O', 'X', 'O', 'O', 'X', '-'], ['-', 'O', 'X', 'X', 'X', 'O', 'O']]",drop 4
"[['-', '-', '-', '-', '-', '-', '-'], ['-', '-', '-', 'O', '-', '-', '-'], ['-', 'X', 'X', 'X', 'O', '-', '-'], ['-', 'O', 'O', 'X', 'X', '-', '-'], ['-', 'O', 'X', 'O', 'O', 'X', '-'], ['-', 'O', 'X', 'X', 'X', 'O', 'O']]",drop 2
"[['-', '-', '-', '-', '-', '-', '-'], ['-', '-', '-', '-', '-', '-', '-'], ['-', '-', '-', '-', '-', '-', '-'], ['-', '-', '-', '-', '-', '-', '-'], ['-', '-', '-', '-', '-', '-', '-'], ['-', '-', '-', '-', '-', '-', '-']]",drop 4
"[['-', '-', '-', '-', '-', '-', '-'], ['-', '-', '-', '-', '-', '-', '-'], ['-', '-', '-', '-', '-', '-', '-'], ['-', '-', '-', '-', '-', '-', '-'], ['-', '-', '-', '-', '-', '-', '-'], ['-', '-', '-', '-', 'X', '-', '-']]",drop 3
"[['-', '-', '-', '-', '-', '-', '-'], ['-', '-', '-', '-', '-', '-', '-'], ['-', '-', '-', '-', '-', '-', '-'], ['-', '-', '-', '-', '-', '-', '-'], ['-', '-', '-', '-', '-', '-', '-'], ['-', '-', '-', 'O', 'X', '-', '-']]",drop 3
"[['-', '-', '-', '-', '-', '-', '-'], ['-', '-', '-', '-', '-', '-', '-'], ['-', '-', '-', '-', '-', '-', '-'], ['-', '-', '-', '-', '-', '-', '-'], ['-', '-', '-', 'X', '-', '-', '-'], ['-', '-', '-', 'O', 'X', '-', '-']]",drop 4
"[['-', '-', '-', '-', '-', '-', '-'], ['-', '-', '-', '-', '-', '-', '-'], ['-', '-', '-', '-', '-', '-', '-'], ['-', '-', '-', '-', '-', '-', '-'], ['-', '-', '-', 'X', 'O', '-', '-'], ['-', '-', '-', 'O', 'X', '-', '-']]",drop 3
"[['-', '-', '-', '-', '-', '-', '-'], ['-', '-', '-', '-', '-', '-', '-'], ['-', '-', '-', '-', '-', '-', '-'], ['-', '-', '-', 'X', '-', '-', '-'], ['-', '-', '-', 'X', 'O', '-', '-'], ['-', '-', '-', 'O', 'X', '-', '-']]",drop 4
"[['-', '-', '-', '-', '-', '-', '-'], ['-', '-', '-', '-', '-', '-', '-'], ['-', '-', '-', '-', '-', '-', '-'], ['-', '-', '-', 'X', 'O', '-', '-'], ['-', '-', '-', 'X', 'O', '-', '-'], ['-', '-', '-', 'O', 'X', '-', '-']]",drop 3
"[['-', '-', '-', '-', '-', '-', '-'], ['-', '-', '-', '-', '-', '-', '-'], ['-', '-', '-', 'X', '-', '-', '-'], ['-', '-', '-', 'X', 'O', '-', '-'], ['-', '-', '-', 'X', 'O', '-', '-'], ['-', '-', '-', 'O', 'X', '-', '-']]",drop 3
"[['-', '-', '-', '-', '-', '-', '-'], ['-', '-', '-', 'O', '-', '-', '-'], ['-', '-', '-', 'X', '-', '-', '-'], ['-', '-', '-', 'X', 'O', '-', '-'], ['-', '-', '-', 'X', 'O', '-', '-'], ['-', '-', '-', 'O', 'X', '-', '-']]",drop 4
"[['-', '-', '-', '-', '-', '-', '-'], ['-', '-', '-', 'O', '-', '-', '-'], ['-', '-', '-', 'X', 'X', '-', '-'], ['-', '-', '-', 'X', 'O', '-', '-'], ['-', '-', '-', 'X', 'O', '-', '-'], ['-', '-', '-', 'O', 'X', '-', '-']]",drop 1
"[['-', '-', '-', '-', '-', '-', '-'], ['-', '-', '-', 'O', '-', '-', '-'], ['-', '-', '-', 'X', 'X', '-', '-'], ['-', '-', '-', 'X', 'O', '-', '-'], ['-', '-', '-', 'X', 'O', '-', '-'], ['-', 'O', '-', 'O', 'X', '-', '-']]",drop 1
"[['-', '-', '-', '-', '-', '-', '-'], ['-', '-', '-', 'O', '-', '-', '-'], ['-', '-', '-', 'X', 'X', '-', '-'], ['-', '-', '-', 'X', 'O', '-', '-'], ['-', 'X', '-', 'X', 'O', '-', '-'], ['-', 'O', '-', 'O', 'X', '-', '-']]",drop 2
"[['-', '-', '-', '-', '-', '-', '-'], ['-', '-', '-', 'O', '-', '-', '-'], ['-', '-', '-', 'X', 'X', '-', '-'], ['-', '-', '-', 'X', 'O', '-', '-'], ['-', 'X', '-', 'X', 'O', '-', '-'], ['-', 'O', 'O', 'O', 'X', '-', '-']]",drop 0
"[['-', '-', '-', '-', '-', '-', '-'], ['-', '-', '-', 'O', '-', '-', '-'], ['-', '-', '-', 'X', 'X', '-', '-'], ['-', '-', '-', 'X', 'O', '-', '-'], ['-', 'X', '-', 'X', 'O', '-', '-'], ['X', 'O', 'O', 'O', 'X', '-', '-']]",drop 0
"[['-', '-', '-', '-', '-', '-', '-'], ['-', '-', '-', 'O', '-', '-', '-'], ['-', '-', '-', 'X', 'X', '-', '-'], ['-', '-', '-', 'X', 'O', '-', '-'], ['O', 'X', '-', 'X', 'O', '-', '-'], ['X', 'O', 'O', 'O', 'X', '-', '-']]",drop 2
"[['-', '-', '-', '-', '-', '-', '-'], ['-', '-', '-', 'O', '-', '-', '-'], ['-', '-', '-', 'X', 'X', '-', '-'], ['-', '-', '-', 'X', 'O', '-', '-'], ['O', 'X', 'X', 'X', 'O', '-', '-'], ['X', 'O', 'O', 'O', 'X', '-', '-']]",drop 2
"[['-', '-', '-', '-', '-', '-', '-'], ['-', '-', '-', 'O', '-', '-', '-'], ['-', '-', '-', 'X', 'X', '-', '-'], ['-', '-', 'O', 'X', 'O', '-', '-'], ['O', 'X', 'X', 'X', 'O', '-', '-'], ['X', 'O', 'O', 'O', 'X', '-', '-']]",drop 0
"[['-', '-', '-', '-', '-', '-', '-'], ['-', '-', '-', 'O', '-', '-', '-'], ['-', '-', '-', 'X', 'X', '-', '-'], ['X', '-', 'O', 'X', 'O', '-', '-'], ['O', 'X', 'X', 'X', 'O', '-', '-'], ['X', 'O', 'O', 'O', 'X', '-', '-']]",pop 2
"[['-', '-', '-', '-', '-', '-', '-'], ['-', '-', '-', 'O', '-', '-', '-'], ['-', '-', '-', 'X', 'X', '-', '-'], ['X', '-', '-', 'X', 'O', '-', '-'], ['O', 'X', 'O', 'X', 'O', '-', '-'], ['X', 'O', 'X', 'O', 'X', '-', '-']]",drop 2
"[['-', '-', '-', '-', '-', '-', '-'], ['-', '-', '-', '-', '-', '-', '-'], ['-', '-', '-', '-', '-', '-', '-'], ['-', '-', '-', '-', '-', '-', '-'], ['-', '-', '-', '-', '-', '-', '-'], ['-', '-', '-', '-', '-', '-', '-']]",drop 3
"[['-', '-', '-', '-', '-', '-', '-'], ['-', '-', '-', '-', '-', '-', '-'], ['-', '-', '-', '-', '-', '-', '-'], ['-', '-', '-', '-', '-', '-', '-'], ['-', '-', '-', '-', '-', '-', '-'], ['-', '-', '-', 'X', '-', '-', '-']]",drop 3
"[['-', '-', '-', '-', '-', '-', '-'], ['-', '-', '-', '-', '-', '-', '-'], ['-', '-', '-', '-', '-', '-', '-'], ['-', '-', '-', '-', '-', '-', '-'], ['-', '-', '-', 'O', '-', '-', '-'], ['-', '-', '-', 'X', '-', '-', '-']]",drop 3
"[['-', '-', '-', '-', '-', '-', '-'], ['-', '-', '-', '-', '-', '-', '-'], ['-', '-', '-', '-', '-', '-', '-'], ['-', '-', '-', 'X', '-', '-', '-'], ['-', '-', '-', 'O', '-', '-', '-'], ['-', '-', '-', 'X', '-', '-', '-']]",drop 3
"[['-', '-', '-', '-', '-', '-', '-'], ['-', '-', '-', '-', '-', '-', '-'], ['-', '-', '-', 'O', '-', '-', '-'], ['-', '-', '-', 'X', '-', '-', '-'], ['-', '-', '-', 'O', '-', '-', '-'], ['-', '-', '-', 'X', '-', '-', '-']]",drop 4
"[['-', '-', '-', '-', '-', '-', '-'], ['-', '-', '-', '-', '-', '-', '-'], ['-', '-', '-', 'O', '-', '-', '-'], ['-', '-', '-', 'X', '-', '-', '-'], ['-', '-', '-', 'O', '-', '-', '-'], ['-', '-', '-', 'X', 'X', '-', '-']]",drop 4
"[['-', '-', '-', '-', '-', '-', '-'], ['-', '-', '-', '-', '-', '-', '-'], ['-', '-', '-', 'O', '-', '-', '-'], ['-', '-', '-', 'X', '-', '-', '-'], ['-', '-', '-', 'O', 'O', '-', '-'], ['-', '-', '-', 'X', 'X', '-', '-']]",drop 5
"[['-', '-', '-', '-', '-', '-', '-'], ['-', '-', '-', '-', '-', '-', '-'], ['-', '-', '-', 'O', '-', '-', '-'], ['-', '-', '-', 'X', '-', '-', '-'], ['-', '-', '-', 'O', 'O', '-', '-'], ['-', '-', '-', 'X', 'X', 'X', '-']]",drop 6
"[['-', '-', '-', '-', '-', '-', '-'], ['-', '-', '-', '-', '-', '-', '-'], ['-', '-', '-', 'O', '-', '-', '-'], ['-', '-', '-', 'X', '-', '-', '-'], ['-', '-', '-', 'O', 'O', '-', '-'], ['-', '-', '-', 'X', 'X', 'X', 'O']]",drop 2
"[['-', '-', '-', '-', '-', '-', '-'], ['-', '-', '-', '-', '-', '-', '-'], ['-', '-', '-', '-', '-', '-', '-'], ['-', '-', '-', '-', '-', '-', '-'], ['-', '-', '-', '-', '-', '-', '-'], ['-', '-', '-', '-', '-', '-', '-']]",drop 3
"[['-', '-', '-', '-', '-', '-', '-'], ['-', '-', '-', '-', '-', '-', '-'], ['-', '-', '-', '-', '-', '-', '-'], ['-', '-', '-', '-', '-', '-', '-'], ['-', '-', '-', '-', '-', '-', '-'], ['-', '-', '-', 'X', '-', '-', '-']]",drop 3
"[['-', '-', '-', '-', '-', '-', '-'], ['-', '-', '-', '-', '-', '-', '-'], ['-', '-', '-', '-', '-', '-', '-'], ['-', '-', '-', '-', '-', '-', '-'], ['-', '-', '-', 'O', '-', '-', '-'], ['-', '-', '-', 'X', '-', '-', '-']]",drop 3
"[['-', '-', '-', '-', '-', '-', '-'], ['-', '-', '-', '-', '-', '-', '-'], ['-', '-', '-', '-', '-', '-', '-'], ['-', '-', '-', 'X', '-', '-', '-'], ['-', '-', '-', 'O', '-', '-', '-'], ['-', '-', '-', 'X', '-', '-', '-']]",drop 2
"[['-', '-', '-', '-', '-', '-', '-'], ['-', '-', '-', '-', '-', '-', '-'], ['-', '-', '-', '-', '-', '-', '-'], ['-', '-', '-', 'X', '-', '-', '-'], ['-', '-', '-', 'O', '-', '-', '-'], ['-', '-', 'O', 'X', '-', '-', '-']]",drop 2
"[['-', '-', '-', '-', '-', '-', '-'], ['-', '-', '-', '-', '-', '-', '-'], ['-', '-', '-', '-', '-', '-', '-'], ['-', '-', '-', 'X', '-', '-', '-'], ['-', '-', 'X', 'O', '-', '-', '-'], ['-', '-', 'O', 'X', '-', '-', '-']]",drop 4
"[['-', '-', '-', '-', '-', '-', '-'], ['-', '-', '-', '-', '-', '-', '-'], ['-', '-', '-', '-', '-', '-', '-'], ['-', '-', '-', 'X', '-', '-', '-'], ['-', '-', 'X', 'O', '-', '-', '-'], ['-', '-', 'O', 'X', 'O', '-', '-']]",drop 4
"[['-', '-', '-', '-', '-', '-', '-'], ['-', '-', '-', '-', '-', '-', '-'], ['-', '-', '-', '-', '-', '-', '-'], ['-', '-', '-', 'X', '-', '-', '-'], ['-', '-', 'X', 'O', 'X', '-', '-'], ['-', '-', 'O', 'X', 'O', '-', '-']]",drop 3
"[['-', '-', '-', '-', '-', '-', '-'], ['-', '-', '-', '-', '-', '-', '-'], ['-', '-', '-', 'O', '-', '-', '-'], ['-', '-', '-', 'X', '-', '-', '-'], ['-', '-', 'X', 'O', 'X', '-', '-'], ['-', '-', 'O', 'X', 'O', '-', '-']]",drop 4
"[['-', '-', '-', '-', '-', '-', '-'], ['-', '-', '-', '-', '-', '-', '-'], ['-', '-', '-', 'O', '-', '-', '-'], ['-', '-', '-', 'X', 'X', '-', '-'], ['-', '-', 'X', 'O', 'X', '-', '-'], ['-', '-', 'O', 'X', 'O', '-', '-']]",drop 4
"[['-', '-', '-', '-', '-', '-', '-'], ['-', '-', '-', '-', '-', '-', '-'], ['-', '-', '-', 'O', 'O', '-', '-'], ['-', '-', '-', 'X', 'X', '-', '-'], ['-', '-', 'X', 'O', 'X', '-', '-'], ['-', '-', 'O', 'X', 'O', '-', '-']]",drop 2
"[['-', '-', '-', '-', '-', '-', '-'], ['-', '-', '-', '-', '-', '-', '-'], ['-', '-', '-', 'O', 'O', '-', '-'], ['-', '-', 'X', 'X', 'X', '-', '-'], ['-', '-', 'X', 'O', 'X', '-', '-'], ['-', '-', 'O', 'X', 'O', '-', '-']]",drop 2
"[['-', '-', '-', '-', '-', '-', '-'], ['-', '-', '-', '-', '-', '-', '-'], ['-', '-', 'O', 'O', 'O', '-', '-'], ['-', '-', 'X', 'X', 'X', '-', '-'], ['-', '-', 'X', 'O', 'X', '-', '-'], ['-', '-', 'O', 'X', 'O', '-', '-']]",drop 1
"[['-', '-', '-', '-', '-', '-', '-'], ['-', '-', '-', '-', '-', '-', '-'], ['-', '-', 'O', 'O', 'O', '-', '-'], ['-', '-', 'X', 'X', 'X', '-', '-'], ['-', '-', 'X', 'O', 'X', '-', '-'], ['-', 'X', 'O', 'X', 'O', '-', '-']]",drop 4
"[['-', '-', '-', '-', '-', '-', '-'], ['-', '-', '-', '-', 'O', '-', '-'], ['-', '-', 'O', 'O', 'O', '-', '-'], ['-', '-', 'X', 'X', 'X', '-', '-'], ['-', '-', 'X', 'O', 'X', '-', '-'], ['-', 'X', 'O', 'X', 'O', '-', '-']]",drop 1
"[['-', '-', '-', '-', '-', '-', '-'], ['-', '-', '-', '-', 'O', '-', '-'], ['-', '-', 'O', 'O', 'O', '-', '-'], ['-', '-', 'X', 'X', 'X', '-', '-'], ['-', 'X', 'X', 'O', 'X', '-', '-'], ['-', 'X', 'O', 'X', 'O', '-', '-']]",drop 1
"[['-', '-', '-', '-', '-', '-', '-'], ['-', '-', '-', '-', 'O', '-', '-'], ['-', '-', 'O', 'O', 'O', '-', '-'], ['-', 'O', 'X', 'X', 'X', '-', '-'], ['-', 'X', 'X', 'O', 'X', '-', '-'], ['-', 'X', 'O', 'X', 'O', '-', '-']]",pop 3
"[['-', '-', '-', '-', '-', '-', '-'], ['-', '-', '-', '-', '-', '-', '-'], ['-', '-', '-', '-', '-', '-', '-'], ['-', '-', '-', '-', '-', '-', '-'], ['-', '-', '-', '-', '-', '-', '-'], ['-', '-', '-', '-', '-', '-', '-']]",drop 3
"[['-', '-', '-', '-', '-', '-', '-'], ['-', '-', '-', '-', '-', '-', '-'], ['-', '-', '-', '-', '-', '-', '-'], ['-', '-', '-', '-', '-', '-', '-'], ['-', '-', '-', '-', '-', '-', '-'], ['-', '-', '-', 'X', '-', '-', '-']]",drop 3
"[['-', '-', '-', '-', '-', '-', '-'], ['-', '-', '-', '-', '-', '-', '-'], ['-', '-', '-', '-', '-', '-', '-'], ['-', '-', '-', '-', '-', '-', '-'], ['-', '-', '-', 'O', '-', '-', '-'], ['-', '-', '-', 'X', '-', '-', '-']]",drop 2
"[['-', '-', '-', '-', '-', '-', '-'], ['-', '-', '-', '-', '-', '-', '-'], ['-', '-', '-', '-', '-', '-', '-'], ['-', '-', '-', '-', '-', '-', '-'], ['-', '-', '-', 'O', '-', '-', '-'], ['-', '-', 'X', 'X', '-', '-', '-']]",drop 3
"[['-', '-', '-', '-', '-', '-', '-'], ['-', '-', '-', '-', '-', '-', '-'], ['-', '-', '-', '-', '-', '-', '-'], ['-', '-', '-', 'O', '-', '-', '-'], ['-', '-', '-', 'O', '-', '-', '-'], ['-', '-', 'X', 'X', '-', '-', '-']]",drop 1
"[['-', '-', '-', '-', '-', '-', '-'], ['-', '-', '-', '-', '-', '-', '-'], ['-', '-', '-', '-', '-', '-', '-'], ['-', '-', '-', 'O', '-', '-', '-'], ['-', '-', '-', 'O', '-', '-', '-'], ['-', 'X', 'X', 'X', '-', '-', '-']]",drop 4
"[['-', '-', '-', '-', '-', '-', '-'], ['-', '-', '-', '-', '-', '-', '-'], ['-', '-', '-', '-', '-', '-', '-'], ['-', '-', '-', 'O', '-', '-', '-'], ['-', '-', '-', 'O', '-', '-', '-'], ['-', 'X', 'X', 'X', 'O', '-', '-']]",drop 0
"[['-', '-', '-', '-', '-', '-', '-'], ['-', '-', '-', '-', '-', '-', '-'], ['-', '-', '-', '-', '-', '-', '-'], ['-', '-', '-', '-', '-', '-', '-'], ['-', '-', '-', '-', '-', '-', '-'], ['-', '-', '-', '-', '-', '-', '-']]",drop 3
"[['-', '-', '-', '-', '-', '-', '-'], ['-', '-', '-', '-', '-', '-', '-'], ['-', '-', '-', '-', '-', '-', '-'], ['-', '-', '-', '-', '-', '-', '-'], ['-', '-', '-', '-', '-', '-', '-'], ['-', '-', '-', 'X', '-', '-', '-']]",drop 3
"[['-', '-', '-', '-', '-', '-', '-'], ['-', '-', '-', '-', '-', '-', '-'], ['-', '-', '-', '-', '-', '-', '-'], ['-', '-', '-', '-', '-', '-', '-'], ['-', '-', '-', 'O', '-', '-', '-'], ['-', '-', '-', 'X', '-', '-', '-']]",drop 3
"[['-', '-', '-', '-', '-', '-', '-'], ['-', '-', '-', '-', '-', '-', '-'], ['-', '-', '-', '-', '-', '-', '-'], ['-', '-', '-', 'X', '-', '-', '-'], ['-', '-', '-', 'O', '-', '-', '-'], ['-', '-', '-', 'X', '-', '-', '-']]",drop 2
"[['-', '-', '-', '-', '-', '-', '-'], ['-', '-', '-', '-', '-', '-', '-'], ['-', '-', '-', '-', '-', '-', '-'], ['-', '-', '-', 'X', '-', '-', '-'], ['-', '-', '-', 'O', '-', '-', '-'], ['-', '-', 'O', 'X', '-', '-', '-']]",drop 2
"[['-', '-', '-', '-', '-', '-', '-'], ['-', '-', '-', '-', '-', '-', '-'], ['-', '-', '-', '-', '-', '-', '-'], ['-', '-', '-', 'X', '-', '-', '-'], ['-', '-', 'X', 'O', '-', '-', '-'], ['-', '-', 'O', 'X', '-', '-', '-']]",drop 2
"[['-', '-', '-', '-', '-', '-', '-'], ['-', '-', '-', '-', '-', '-', '-'], ['-', '-', '-', '-', '-', '-', '-'], ['-', '-', 'O', 'X', '-', '-', '-'], ['-', '-', 'X', 'O', '-', '-', '-'], ['-', '-', 'O', 'X', '-', '-', '-']]",drop 4
"[['-', '-', '-', '-', '-', '-', '-'], ['-', '-', '-', '-', '-', '-', '-'], ['-', '-', '-', '-', '-', '-', '-'], ['-', '-', 'O', 'X', '-', '-', '-'], ['-', '-', 'X', 'O', '-', '-', '-'], ['-', '-', 'O', 'X', 'X', '-', '-']]",drop 2
"[['-', '-', '-', '-', '-', '-', '-'], ['-', '-', '-', '-', '-', '-', '-'], ['-', '-', 'O', '-', '-', '-', '-'], ['-', '-', 'O', 'X', '-', '-', '-'], ['-', '-', 'X', 'O', '-', '-', '-'], ['-', '-', 'O', 'X', 'X', '-', '-']]",drop 5
"[['-', '-', '-', '-', '-', '-', '-'], ['-', '-', '-', '-', '-', '-', '-'], ['-', '-', 'O', '-', '-', '-', '-'], ['-', '-', 'O', 'X', '-', '-', '-'], ['-', '-', 'X', 'O', '-', '-', '-'], ['-', '-', 'O', 'X', 'X', 'X', '-']]",drop 6
"[['-', '-', '-', '-', '-', '-', '-'], ['-', '-', '-', '-', '-', '-', '-'], ['-', '-', 'O', '-', '-', '-', '-'], ['-', '-', 'O', 'X', '-', '-', '-'], ['-', '-', 'X', 'O', '-', '-', '-'], ['-', '-', 'O', 'X', 'X', 'X', 'O']]",drop 5
"[['-', '-', '-', '-', '-', '-', '-'], ['-', '-', '-', '-', '-', '-', '-'], ['-', '-', 'O', '-', '-', '-', '-'], ['-', '-', 'O', 'X', '-', '-', '-'], ['-', '-', 'X', 'O', '-', 'X', '-'], ['-', '-', 'O', 'X', 'X', 'X', 'O']]",drop 2
"[['-', '-', '-', '-', '-', '-', '-'], ['-', '-', 'O', '-', '-', '-', '-'], ['-', '-', 'O', '-', '-', '-', '-'], ['-', '-', 'O', 'X', '-', '-', '-'], ['-', '-', 'X', 'O', '-', 'X', '-'], ['-', '-', 'O', 'X', 'X', 'X', 'O']]",drop 2
"[['-', '-', 'X', '-', '-', '-', '-'], ['-', '-', 'O', '-', '-', '-', '-'], ['-', '-', 'O', '-', '-', '-', '-'], ['-', '-', 'O', 'X', '-', '-', '-'], ['-', '-', 'X', 'O', '-', 'X', '-'], ['-', '-', 'O', 'X', 'X', 'X', 'O']]",drop 4
"[['-', '-', 'X', '-', '-', '-', '-'], ['-', '-', 'O', '-', '-', '-', '-'], ['-', '-', 'O', '-', '-', '-', '-'], ['-', '-', 'O', 'X', '-', '-', '-'], ['-', '-', 'X', 'O', 'O', 'X', '-'], ['-', '-', 'O', 'X', 'X', 'X', 'O']]",drop 4
"[['-', '-', 'X', '-', '-', '-', '-'], ['-', '-', 'O', '-', '-', '-', '-'], ['-', '-', 'O', '-', '-', '-', '-'], ['-', '-', 'O', 'X', 'X', '-', '-'], ['-', '-', 'X', 'O', 'O', 'X', '-'], ['-', '-', 'O', 'X', 'X', 'X', 'O']]",drop 5
"[['-', '-', 'X', '-', '-', '-', '-'], ['-', '-', 'O', '-', '-', '-', '-'], ['-', '-', 'O', '-', '-', '-', '-'], ['-', '-', 'O', 'X', 'X', 'O', '-'], ['-', '-', 'X', 'O', 'O', 'X', '-'], ['-', '-', 'O', 'X', 'X', 'X', 'O']]",drop 4
"[['-', '-', 'X', '-', '-', '-', '-'], ['-', '-', 'O', '-', '-', '-', '-'], ['-', '-', 'O', '-', 'X', '-', '-'], ['-', '-', 'O', 'X', 'X', 'O', '-'], ['-', '-', 'X', 'O', 'O', 'X', '-'], ['-', '-', 'O', 'X', 'X', 'X', 'O']]",drop 1
"[['-', '-', 'X', '-', '-', '-', '-'], ['-', '-', 'O', '-', '-', '-', '-'], ['-', '-', 'O', '-', 'X', '-', '-'], ['-', '-', 'O', 'X', 'X', 'O', '-'], ['-', '-', 'X', 'O', 'O', 'X', '-'], ['-', 'O', 'O', 'X', 'X', 'X', 'O']]",pop 4
"[['-', '-', 'X', '-', '-', '-', '-'], ['-', '-', 'O', '-', '-', '-', '-'], ['-', '-', 'O', '-', '-', '-', '-'], ['-', '-', 'O', 'X', 'X', 'O', '-'], ['-', '-', 'X', 'O', 'X', 'X', '-'], ['-', 'O', 'O', 'X', 'O', 'X', 'O']]",drop 4
"[['-', '-', 'X', '-', '-', '-', '-'], ['-', '-', 'O', '-', '-', '-', '-'], ['-', '-', 'O', '-', 'O', '-', '-'], ['-', '-', 'O', 'X', 'X', 'O', '-'], ['-', '-', 'X', 'O', 'X', 'X', '-'], ['-', 'O', 'O', 'X', 'O', 'X', 'O']]",pop 3
"[['-', '-', '-', '-', '-', '-', '-'], ['-', '-', '-', '-', '-', '-', '-'], ['-', '-', '-', '-', '-', '-', '-'], ['-', '-', '-', '-', '-', '-', '-'], ['-', '-', '-', '-', '-', '-', '-'], ['-', '-', '-', '-', '-', '-', '-']]",drop 3
"[['-', '-', '-', '-', '-', '-', '-'], ['-', '-', '-', '-', '-', '-', '-'], ['-', '-', '-', '-', '-', '-', '-'], ['-', '-', '-', '-', '-', '-', '-'], ['-', '-', '-', '-', '-', '-', '-'], ['-', '-', '-', 'X', '-', '-', '-']]",drop 3
"[['-', '-', '-', '-', '-', '-', '-'], ['-', '-', '-', '-', '-', '-', '-'], ['-', '-', '-', '-', '-', '-', '-'], ['-', '-', '-', '-', '-', '-', '-'], ['-', '-', '-', 'O', '-', '-', '-'], ['-', '-', '-', 'X', '-', '-', '-']]",drop 3
"[['-', '-', '-', '-', '-', '-', '-'], ['-', '-', '-', '-', '-', '-', '-'], ['-', '-', '-', '-', '-', '-', '-'], ['-', '-', '-', 'X', '-', '-', '-'], ['-', '-', '-', 'O', '-', '-', '-'], ['-', '-', '-', 'X', '-', '-', '-']]",drop 4
"[['-', '-', '-', '-', '-', '-', '-'], ['-', '-', '-', '-', '-', '-', '-'], ['-', '-', '-', '-', '-', '-', '-'], ['-', '-', '-', 'X', '-', '-', '-'], ['-', '-', '-', 'O', '-', '-', '-'], ['-', '-', '-', 'X', 'O', '-', '-']]",drop 4
"[['-', '-', '-', '-', '-', '-', '-'], ['-', '-', '-', '-', '-', '-', '-'], ['-', '-', '-', '-', '-', '-', '-'], ['-', '-', '-', 'X', '-', '-', '-'], ['-', '-', '-', 'O', 'X', '-', '-'], ['-', '-', '-', 'X', 'O', '-', '-']]",drop 4
"[['-', '-', '-', '-', '-', '-', '-'], ['-', '-', '-', '-', '-', '-', '-'], ['-', '-', '-', '-', '-', '-', '-'], ['-', '-', '-', 'X', 'O', '-', '-'], ['-', '-', '-', 'O', 'X', '-', '-'], ['-', '-', '-', 'X', 'O', '-', '-']]",drop 2
"[['-', '-', '-', '-', '-', '-', '-'], ['-', '-', '-', '-', '-', '-', '-'], ['-', '-', '-', '-', '-', '-', '-'], ['-', '-', '-', 'X', 'O', '-', '-'], ['-', '-', '-', 'O', 'X', '-', '-'], ['-', '-', 'X', 'X', 'O', '-', '-']]",drop 2
"[['-', '-', '-', '-', '-', '-', '-'], ['-', '-', '-', '-', '-', '-', '-'], ['-', '-', '-', '-', '-', '-', '-'], ['-', '-', '-', 'X', 'O', '-', '-'], ['-', '-', 'O', 'O', 'X', '-', '-'], ['-', '-', 'X', 'X', 'O', '-', '-']]",drop 1
"[['-', '-', '-', '-', '-', '-', '-'], ['-', '-', '-', '-', '-', '-', '-'], ['-', '-', '-', '-', '-', '-', '-'], ['-', '-', '-', 'X', 'O', '-', '-'], ['-', '-', 'O', 'O', 'X', '-', '-'], ['-', 'X', 'X', 'X', 'O', '-', '-']]",drop 0
"[['-', '-', '-', '-', '-', '-', '-'], ['-', '-', '-', '-', '-', '-', '-'], ['-', '-', '-', '-', '-', '-', '-'], ['-', '-', '-', 'X', 'O', '-', '-'], ['-', '-', 'O', 'O', 'X', '-', '-'], ['O', 'X', 'X', 'X', 'O', '-', '-']]",drop 1
"[['-', '-', '-', '-', '-', '-', '-'], ['-', '-', '-', '-', '-', '-', '-'], ['-', '-', '-', '-', '-', '-', '-'], ['-', '-', '-', 'X', 'O', '-', '-'], ['-', 'X', 'O', 'O', 'X', '-', '-'], ['O', 'X', 'X', 'X', 'O', '-', '-']]",drop 1
"[['-', '-', '-', '-', '-', '-', '-'], ['-', '-', '-', '-', '-', '-', '-'], ['-', '-', '-', '-', '-', '-', '-'], ['-', 'O', '-', 'X', 'O', '-', '-'], ['-', 'X', 'O', 'O', 'X', '-', '-'], ['O', 'X', 'X', 'X', 'O', '-', '-']]",drop 2
"[['-', '-', '-', '-', '-', '-', '-'], ['-', '-', '-', '-', '-', '-', '-'], ['-', '-', '-', '-', '-', '-', '-'], ['-', 'O', 'X', 'X', 'O', '-', '-'], ['-', 'X', 'O', 'O', 'X', '-', '-'], ['O', 'X', 'X', 'X', 'O', '-', '-']]",drop 2
"[['-', '-', '-', '-', '-', '-', '-'], ['-', '-', '-', '-', '-', '-', '-'], ['-', '-', 'O', '-', '-', '-', '-'], ['-', 'O', 'X', 'X', 'O', '-', '-'], ['-', 'X', 'O', 'O', 'X', '-', '-'], ['O', 'X', 'X', 'X', 'O', '-', '-']]",drop 4
"[['-', '-', '-', '-', '-', '-', '-'], ['-', '-', '-', '-', '-', '-', '-'], ['-', '-', 'O', '-', 'X', '-', '-'], ['-', 'O', 'X', 'X', 'O', '-', '-'], ['-', 'X', 'O', 'O', 'X', '-', '-'], ['O', 'X', 'X', 'X', 'O', '-', '-']]",drop 3
"[['-', '-', '-', '-', '-', '-', '-'], ['-', '-', '-', '-', '-', '-', '-'], ['-', '-', 'O', 'O', 'X', '-', '-'], ['-', 'O', 'X', 'X', 'O', '-', '-'], ['-', 'X', 'O', 'O', 'X', '-', '-'], ['O', 'X', 'X', 'X', 'O', '-', '-']]",pop 2
"[['-', '-', '-', '-', '-', '-', '-'], ['-', '-', '-', '-', '-', '-', '-'], ['-', '-', '-', '-', '-', '-', '-'], ['-', '-', '-', '-', '-', '-', '-'], ['-', '-', '-', '-', '-', '-', '-'], ['-', '-', '-', '-', '-', '-', '-']]",drop 3
"[['-', '-', '-', '-', '-', '-', '-'], ['-', '-', '-', '-', '-', '-', '-'], ['-', '-', '-', '-', '-', '-', '-'], ['-', '-', '-', '-', '-', '-', '-'], ['-', '-', '-', '-', '-', '-', '-'], ['-', '-', '-', 'X', '-', '-', '-']]",drop 3
"[['-', '-', '-', '-', '-', '-', '-'], ['-', '-', '-', '-', '-', '-', '-'], ['-', '-', '-', '-', '-', '-', '-'], ['-', '-', '-', '-', '-', '-', '-'], ['-', '-', '-', 'O', '-', '-', '-'], ['-', '-', '-', 'X', '-', '-', '-']]",drop 3
"[['-', '-', '-', '-', '-', '-', '-'], ['-', '-', '-', '-', '-', '-', '-'], ['-', '-', '-', '-', '-', '-', '-'], ['-', '-', '-', 'X', '-', '-', '-'], ['-', '-', '-', 'O', '-', '-', '-'], ['-', '-', '-', 'X', '-', '-', '-']]",drop 4
"[['-', '-', '-', '-', '-', '-', '-'], ['-', '-', '-', '-', '-', '-', '-'], ['-', '-', '-', '-', '-', '-', '-'], ['-', '-', '-', 'X', '-', '-', '-'], ['-', '-', '-', 'O', '-', '-', '-'], ['-', '-', '-', 'X', 'O', '-', '-']]",drop 3
"[['-', '-', '-', '-', '-', '-', '-'], ['-', '-', '-', '-', '-', '-', '-'], ['-', '-', '-', 'X', '-', '-', '-'], ['-', '-', '-', 'X', '-', '-', '-'], ['-', '-', '-', 'O', '-', '-', '-'], ['-', '-', '-', 'X', 'O', '-', '-']]",drop 3
"[['-', '-', '-', '-', '-', '-', '-'], ['-', '-', '-', 'O', '-', '-', '-'], ['-', '-', '-', 'X', '-', '-', '-'], ['-', '-', '-', 'X', '-', '-', '-'], ['-', '-', '-', 'O', '-', '-', '-'], ['-', '-', '-', 'X', 'O', '-', '-']]",drop 4
"[['-', '-', '-', '-', '-', '-', '-'], ['-', '-', '-', 'O', '-', '-', '-'], ['-', '-', '-', 'X', '-', '-', '-'], ['-', '-', '-', 'X', '-', '-', '-'], ['-', '-', '-', 'O', 'X', '-', '-'], ['-', '-', '-', 'X', 'O', '-', '-']]",drop 4
"[['-', '-', '-', '-', '-', '-', '-'], ['-', '-', '-', 'O', '-', '-', '-'], ['-', '-', '-', 'X', '-', '-', '-'], ['-', '-', '-', 'X', 'O', '-', '-'], ['-', '-', '-', 'O', 'X', '-', '-'], ['-', '-', '-', 'X', 'O', '-', '-']]",drop 2
"[['-', '-', '-', '-', '-', '-', '-'], ['-', '-', '-', 'O', '-', '-', '-'], ['-', '-', '-', 'X', '-', '-', '-'], ['-', '-', '-', 'X', 'O', '-', '-'], ['-', '-', '-', 'O', 'X', '-', '-'], ['-', '-', 'X', 'X', 'O', '-', '-']]",drop 2
"[['-', '-', '-', '-', '-', '-', '-'], ['-', '-', '-', 'O', '-', '-', '-'], ['-', '-', '-', 'X', '-', '-', '-'], ['-', '-', '-', 'X', 'O', '-', '-'], ['-', '-', 'O', 'O', 'X', '-', '-'], ['-', '-', 'X', 'X', 'O', '-', '-']]",drop 1
"[['-', '-', '-', '-', '-', '-', '-'], ['-', '-', '-', 'O', '-', '-', '-'], ['-', '-', '-', 'X', '-', '-', '-'], ['-', '-', '-', 'X', 'O', '-', '-'], ['-', '-', 'O', 'O', 'X', '-', '-'], ['-', 'X', 'X', 'X', 'O', '-', '-']]",drop 0
"[['-', '-', '-', '-', '-', '-', '-'], ['-', '-', '-', 'O', '-', '-', '-'], ['-', '-', '-', 'X', '-', '-', '-'], ['-', '-', '-', 'X', 'O', '-', '-'], ['-', '-', 'O', 'O', 'X', '-', '-'], ['O', 'X', 'X', 'X', 'O', '-', '-']]",drop 1
"[['-', '-', '-', '-', '-', '-', '-'], ['-', '-', '-', 'O', '-', '-', '-'], ['-', '-', '-', 'X', '-', '-', '-'], ['-', '-', '-', 'X', 'O', '-', '-'], ['-', 'X', 'O', 'O', 'X', '-', '-'], ['O', 'X', 'X', 'X', 'O', '-', '-']]",drop 1
"[['-', '-', '-', '-', '-', '-', '-'], ['-', '-', '-', 'O', '-', '-', '-'], ['-', '-', '-', 'X', '-', '-', '-'], ['-', 'O', '-', 'X', 'O', '-', '-'], ['-', 'X', 'O', 'O', 'X', '-', '-'], ['O', 'X', 'X', 'X', 'O', '-', '-']]",drop 2
"[['-', '-', '-', '-', '-', '-', '-'], ['-', '-', '-', 'O', '-', '-', '-'], ['-', '-', '-', 'X', '-', '-', '-'], ['-', 'O', 'X', 'X', 'O', '-', '-'], ['-', 'X', 'O', 'O', 'X', '-', '-'], ['O', 'X', 'X', 'X', 'O', '-', '-']]",drop 2
"[['-', '-', '-', '-', '-', '-', '-'], ['-', '-', '-', 'O', '-', '-', '-'], ['-', '-', 'O', 'X', '-', '-', '-'], ['-', 'O', 'X', 'X', 'O', '-', '-'], ['-', 'X', 'O', 'O', 'X', '-', '-'], ['O', 'X', 'X', 'X', 'O', '-', '-']]",pop 3
"[['-', '-', '-', '-', '-', '-', '-'], ['-', '-', '-', '-', '-', '-', '-'], ['-', '-', 'O', 'O', '-', '-', '-'], ['-', 'O', 'X', 'X', 'O', '-', '-'], ['-', 'X', 'O', 'X', 'X', '-', '-'], ['O', 'X', 'X', 'O', 'O', '-', '-']]",pop 4
"[['-', '-', '-', '-', '-', '-', '-'], ['-', '-', '-', '-', '-', '-', '-'], ['-', '-', 'O', 'O', '-', '-', '-'], ['-', 'O', 'X', 'X', '-', '-', '-'], ['-', 'X', 'O', 'X', 'O', '-', '-'], ['O', 'X', 'X', 'O', 'X', '-', '-']]",drop 1
"[['-', '-', '-', '-', '-', '-', '-'], ['-', '-', '-', '-', '-', '-', '-'], ['-', '-', '-', '-', '-', '-', '-'], ['-', '-', '-', '-', '-', '-', '-'], ['-', '-', '-', '-', '-', '-', '-'], ['-', '-', '-', '-', '-', '-', '-']]",drop 3
"[['-', '-', '-', '-', '-', '-', '-'], ['-', '-', '-', '-', '-', '-', '-'], ['-', '-', '-', '-', '-', '-', '-'], ['-', '-', '-', '-', '-', '-', '-'], ['-', '-', '-', '-', '-', '-', '-'], ['-', '-', '-', 'X', '-', '-', '-']]",drop 3
"[['-', '-', '-', '-', '-', '-', '-'], ['-', '-', '-', '-', '-', '-', '-'], ['-', '-', '-', '-', '-', '-', '-'], ['-', '-', '-', '-', '-', '-', '-'], ['-', '-', '-', 'O', '-', '-', '-'], ['-', '-', '-', 'X', '-', '-', '-']]",drop 3
"[['-', '-', '-', '-', '-', '-', '-'], ['-', '-', '-', '-', '-', '-', '-'], ['-', '-', '-', '-', '-', '-', '-'], ['-', '-', '-', 'X', '-', '-', '-'], ['-', '-', '-', 'O', '-', '-', '-'], ['-', '-', '-', 'X', '-', '-', '-']]",drop 3
"[['-', '-', '-', '-', '-', '-', '-'], ['-', '-', '-', '-', '-', '-', '-'], ['-', '-', '-', 'O', '-', '-', '-'], ['-', '-', '-', 'X', '-', '-', '-'], ['-', '-', '-', 'O', '-', '-', '-'], ['-', '-', '-', 'X', '-', '-', '-']]",drop 4
"[['-', '-', '-', '-', '-', '-', '-'], ['-', '-', '-', '-', '-', '-', '-'], ['-', '-', '-', 'O', '-', '-', '-'], ['-', '-', '-', 'X', '-', '-', '-'], ['-', '-', '-', 'O', '-', '-', '-'], ['-', '-', '-', 'X', 'X', '-', '-']]",drop 4
"[['-', '-', '-', '-', '-', '-', '-'], ['-', '-', '-', '-', '-', '-', '-'], ['-', '-', '-', 'O', '-', '-', '-'], ['-', '-', '-', 'X', '-', '-', '-'], ['-', '-', '-', 'O', 'O', '-', '-'], ['-', '-', '-', 'X', 'X', '-', '-']]",drop 2
"[['-', '-', '-', '-', '-', '-', '-'], ['-', '-', '-', '-', '-', '-', '-'], ['-', '-', '-', 'O', '-', '-', '-'], ['-', '-', '-', 'X', '-', '-', '-'], ['-', '-', '-', 'O', 'O', '-', '-'], ['-', '-', 'X', 'X', 'X', '-', '-']]",drop 5
"[['-', '-', '-', '-', '-', '-', '-'], ['-', '-', '-', '-', '-', '-', '-'], ['-', '-', '-', 'O', '-', '-', '-'], ['-', '-', '-', 'X', '-', '-', '-'], ['-', '-', '-', 'O', 'O', '-', '-'], ['-', '-', 'X', 'X', 'X', 'O', '-']]",drop 1
"[['-', '-', '-', '-', '-', '-', '-'], ['-', '-', '-', '-', '-', '-', '-'], ['-', '-', '-', '-', '-', '-', '-'], ['-', '-', '-', '-', '-', '-', '-'], ['-', '-', '-', '-', '-', '-', '-'], ['-', '-', '-', '-', '-', '-', '-']]",drop 3
"[['-', '-', '-', '-', '-', '-', '-'], ['-', '-', '-', '-', '-', '-', '-'], ['-', '-', '-', '-', '-', '-', '-'], ['-', '-', '-', '-', '-', '-', '-'], ['-', '-', '-', '-', '-', '-', '-'], ['-', '-', '-', 'X', '-', '-', '-']]",drop 3
"[['-', '-', '-', '-', '-', '-', '-'], ['-', '-', '-', '-', '-', '-', '-'], ['-', '-', '-', '-', '-', '-', '-'], ['-', '-', '-', '-', '-', '-', '-'], ['-', '-', '-', 'O', '-', '-', '-'], ['-', '-', '-', 'X', '-', '-', '-']]",drop 3
"[['-', '-', '-', '-', '-', '-', '-'], ['-', '-', '-', '-', '-', '-', '-'], ['-', '-', '-', '-', '-', '-', '-'], ['-', '-', '-', 'X', '-', '-', '-'], ['-', '-', '-', 'O', '-', '-', '-'], ['-', '-', '-', 'X', '-', '-', '-']]",drop 4
"[['-', '-', '-', '-', '-', '-', '-'], ['-', '-', '-', '-', '-', '-', '-'], ['-', '-', '-', '-', '-', '-', '-'], ['-', '-', '-', 'X', '-', '-', '-'], ['-', '-', '-', 'O', '-', '-', '-'], ['-', '-', '-', 'X', 'O', '-', '-']]",drop 4
"[['-', '-', '-', '-', '-', '-', '-'], ['-', '-', '-', '-', '-', '-', '-'], ['-', '-', '-', '-', '-', '-', '-'], ['-', '-', '-', 'X', '-', '-', '-'], ['-', '-', '-', 'O', 'X', '-', '-'], ['-', '-', '-', 'X', 'O', '-', '-']]",drop 3
"[['-', '-', '-', '-', '-', '-', '-'], ['-', '-', '-', '-', '-', '-', '-'], ['-', '-', '-', 'O', '-', '-', '-'], ['-', '-', '-', 'X', '-', '-', '-'], ['-', '-', '-', 'O', 'X', '-', '-'], ['-', '-', '-', 'X', 'O', '-', '-']]",drop 5
"[['-', '-', '-', '-', '-', '-', '-'], ['-', '-', '-', '-', '-', '-', '-'], ['-', '-', '-', 'O', '-', '-', '-'], ['-', '-', '-', 'X', '-', '-', '-'], ['-', '-', '-', 'O', 'X', '-', '-'], ['-', '-', '-', 'X', 'O', 'X', '-']]",drop 4
"[['-', '-', '-', '-', '-', '-', '-'], ['-', '-', '-', '-', '-', '-', '-'], ['-', '-', '-', 'O', '-', '-', '-'], ['-', '-', '-', 'X', 'O', '-', '-'], ['-', '-', '-', 'O', 'X', '-', '-'], ['-', '-', '-', 'X', 'O', 'X', '-']]",drop 5
"[['-', '-', '-', '-', '-', '-', '-'], ['-', '-', '-', '-', '-', '-', '-'], ['-', '-', '-', 'O', '-', '-', '-'], ['-', '-', '-', 'X', 'O', '-', '-'], ['-', '-', '-', 'O', 'X', 'X', '-'], ['-', '-', '-', 'X', 'O', 'X', '-']]",drop 5
"[['-', '-', '-', '-', '-', '-', '-'], ['-', '-', '-', '-', '-', '-', '-'], ['-', '-', '-', 'O', '-', '-', '-'], ['-', '-', '-', 'X', 'O', 'O', '-'], ['-', '-', '-', 'O', 'X', 'X', '-'], ['-', '-', '-', 'X', 'O', 'X', '-']]",drop 2
"[['-', '-', '-', '-', '-', '-', '-'], ['-', '-', '-', '-', '-', '-', '-'], ['-', '-', '-', 'O', '-', '-', '-'], ['-', '-', '-', 'X', 'O', 'O', '-'], ['-', '-', '-', 'O', 'X', 'X', '-'], ['-', '-', 'X', 'X', 'O', 'X', '-']]",drop 2
"[['-', '-', '-', '-', '-', '-', '-'], ['-', '-', '-', '-', '-', '-', '-'], ['-', '-', '-', 'O', '-', '-', '-'], ['-', '-', '-', 'X', 'O', 'O', '-'], ['-', '-', 'O', 'O', 'X', 'X', '-'], ['-', '-', 'X', 'X', 'O', 'X', '-']]",drop 2
"[['-', '-', '-', '-', '-', '-', '-'], ['-', '-', '-', '-', '-', '-', '-'], ['-', '-', '-', 'O', '-', '-', '-'], ['-', '-', 'X', 'X', 'O', 'O', '-'], ['-', '-', 'O', 'O', 'X', 'X', '-'], ['-', '-', 'X', 'X', 'O', 'X', '-']]",drop 2
"[['-', '-', '-', '-', '-', '-', '-'], ['-', '-', '-', '-', '-', '-', '-'], ['-', '-', 'O', 'O', '-', '-', '-'], ['-', '-', 'X', 'X', 'O', 'O', '-'], ['-', '-', 'O', 'O', 'X', 'X', '-'], ['-', '-', 'X', 'X', 'O', 'X', '-']]",drop 2
"[['-', '-', '-', '-', '-', '-', '-'], ['-', '-', 'X', '-', '-', '-', '-'], ['-', '-', 'O', 'O', '-', '-', '-'], ['-', '-', 'X', 'X', 'O', 'O', '-'], ['-', '-', 'O', 'O', 'X', 'X', '-'], ['-', '-', 'X', 'X', 'O', 'X', '-']]",drop 6
"[['-', '-', '-', '-', '-', '-', '-'], ['-', '-', 'X', '-', '-', '-', '-'], ['-', '-', 'O', 'O', '-', '-', '-'], ['-', '-', 'X', 'X', 'O', 'O', '-'], ['-', '-', 'O', 'O', 'X', 'X', '-'], ['-', '-', 'X', 'X', 'O', 'X', 'O']]",pop 2
"[['-', '-', '-', '-', '-', '-', '-'], ['-', '-', '-', '-', '-', '-', '-'], ['-', '-', '-', '-', '-', '-', '-'], ['-', '-', '-', '-', '-', '-', '-'], ['-', '-', '-', '-', '-', '-', '-'], ['-', '-', '-', '-', '-', '-', '-']]",drop 3
"[['-', '-', '-', '-', '-', '-', '-'], ['-', '-', '-', '-', '-', '-', '-'], ['-', '-', '-', '-', '-', '-', '-'], ['-', '-', '-', '-', '-', '-', '-'], ['-', '-', '-', '-', '-', '-', '-'], ['-', '-', '-', 'X', '-', '-', '-']]",drop 2
"[['-', '-', '-', '-', '-', '-', '-'], ['-', '-', '-', '-', '-', '-', '-'], ['-', '-', '-', '-', '-', '-', '-'], ['-', '-', '-', '-', '-', '-', '-'], ['-', '-', '-', '-', '-', '-', '-'], ['-', '-', 'O', 'X', '-', '-', '-']]",drop 3
"[['-', '-', '-', '-', '-', '-', '-'], ['-', '-', '-', '-', '-', '-', '-'], ['-', '-', '-', '-', '-', '-', '-'], ['-', '-', '-', '-', '-', '-', '-'], ['-', '-', '-', 'X', '-', '-', '-'], ['-', '-', 'O', 'X', '-', '-', '-']]",drop 3
"[['-', '-', '-', '-', '-', '-', '-'], ['-', '-', '-', '-', '-', '-', '-'], ['-', '-', '-', '-', '-', '-', '-'], ['-', '-', '-', 'O', '-', '-', '-'], ['-', '-', '-', 'X', '-', '-', '-'], ['-', '-', 'O', 'X', '-', '-', '-']]",drop 3
"[['-', '-', '-', '-', '-', '-', '-'], ['-', '-', '-', '-', '-', '-', '-'], ['-', '-', '-', 'X', '-', '-', '-'], ['-', '-', '-', 'O', '-', '-', '-'], ['-', '-', '-', 'X', '-', '-', '-'], ['-', '-', 'O', 'X', '-', '-', '-']]",drop 2
"[['-', '-', '-', '-', '-', '-', '-'], ['-', '-', '-', '-', '-', '-', '-'], ['-', '-', '-', 'X', '-', '-', '-'], ['-', '-', '-', 'O', '-', '-', '-'], ['-', '-', 'O', 'X', '-', '-', '-'], ['-', '-', 'O', 'X', '-', '-', '-']]",drop 2
"[['-', '-', '-', '-', '-', '-', '-'], ['-', '-', '-', '-', '-', '-', '-'], ['-', '-', '-', 'X', '-', '-', '-'], ['-', '-', 'X', 'O', '-', '-', '-'], ['-', '-', 'O', 'X', '-', '-', '-'], ['-', '-', 'O', 'X', '-', '-', '-']]",drop 2
"[['-', '-', '-', '-', '-', '-', '-'], ['-', '-', '-', '-', '-', '-', '-'], ['-', '-', 'O', 'X', '-', '-', '-'], ['-', '-', 'X', 'O', '-', '-', '-'], ['-', '-', 'O', 'X', '-', '-', '-'], ['-', '-', 'O', 'X', '-', '-', '-']]",drop 2
"[['-', '-', '-', '-', '-', '-', '-'], ['-', '-', 'X', '-', '-', '-', '-'], ['-', '-', 'O', 'X', '-', '-', '-'], ['-', '-', 'X', 'O', '-', '-', '-'], ['-', '-', 'O', 'X', '-', '-', '-'], ['-', '-', 'O', 'X', '-', '-', '-']]",drop 3
"[['-', '-', '-', '-', '-', '-', '-'], ['-', '-', 'X', 'O', '-', '-', '-'], ['-', '-', 'O', 'X', '-', '-', '-'], ['-', '-', 'X', 'O', '-', '-', '-'], ['-', '-', 'O', 'X', '-', '-', '-'], ['-', '-', 'O', 'X', '-', '-', '-']]",drop 5
"[['-', '-', '-', '-', '-', '-', '-'], ['-', '-', 'X', 'O', '-', '-', '-'], ['-', '-', 'O', 'X', '-', '-', '-'], ['-', '-', 'X', 'O', '-', '-', '-'], ['-', '-', 'O', 'X', '-', '-', '-'], ['-', '-', 'O', 'X', '-', 'X', '-']]",drop 5
"[['-', '-', '-', '-', '-', '-', '-'], ['-', '-', 'X', 'O', '-', '-', '-'], ['-', '-', 'O', 'X', '-', '-', '-'], ['-', '-', 'X', 'O', '-', '-', '-'], ['-', '-', 'O', 'X', '-', 'O', '-'], ['-', '-', 'O', 'X', '-', 'X', '-']]",drop 6
"[['-', '-', '-', '-', '-', '-', '-'], ['-', '-', 'X', 'O', '-', '-', '-'], ['-', '-', 'O', 'X', '-', '-', '-'], ['-', '-', 'X', 'O', '-', '-', '-'], ['-', '-', 'O', 'X', '-', 'O', '-'], ['-', '-', 'O', 'X', '-', 'X', 'X']]",drop 4
"[['-', '-', '-', '-', '-', '-', '-'], ['-', '-', 'X', 'O', '-', '-', '-'], ['-', '-', 'O', 'X', '-', '-', '-'], ['-', '-', 'X', 'O', '-', '-', '-'], ['-', '-', 'O', 'X', '-', 'O', '-'], ['-', '-', 'O', 'X', 'O', 'X', 'X']]",drop 4
"[['-', '-', '-', '-', '-', '-', '-'], ['-', '-', 'X', 'O', '-', '-', '-'], ['-', '-', 'O', 'X', '-', '-', '-'], ['-', '-', 'X', 'O', '-', '-', '-'], ['-', '-', 'O', 'X', 'X', 'O', '-'], ['-', '-', 'O', 'X', 'O', 'X', 'X']]",drop 4
"[['-', '-', '-', '-', '-', '-', '-'], ['-', '-', 'X', 'O', '-', '-', '-'], ['-', '-', 'O', 'X', '-', '-', '-'], ['-', '-', 'X', 'O', 'O', '-', '-'], ['-', '-', 'O', 'X', 'X', 'O', '-'], ['-', '-', 'O', 'X', 'O', 'X', 'X']]",drop 5
"[['-', '-', '-', '-', '-', '-', '-'], ['-', '-', 'X', 'O', '-', '-', '-'], ['-', '-', 'O', 'X', '-', '-', '-'], ['-', '-', 'X', 'O', 'O', 'X', '-'], ['-', '-', 'O', 'X', 'X', 'O', '-'], ['-', '-', 'O', 'X', 'O', 'X', 'X']]",drop 4
"[['-', '-', '-', '-', '-', '-', '-'], ['-', '-', 'X', 'O', '-', '-', '-'], ['-', '-', 'O', 'X', 'O', '-', '-'], ['-', '-', 'X', 'O', 'O', 'X', '-'], ['-', '-', 'O', 'X', 'X', 'O', '-'], ['-', '-', 'O', 'X', 'O', 'X', 'X']]",drop 1
"[['-', '-', '-', '-', '-', '-', '-'], ['-', '-', 'X', 'O', '-', '-', '-'], ['-', '-', 'O', 'X', 'O', '-', '-'], ['-', '-', 'X', 'O', 'O', 'X', '-'], ['-', '-', 'O', 'X', 'X', 'O', '-'], ['-', 'X', 'O', 'X', 'O', 'X', 'X']]",drop 5
"[['-', '-', '-', '-', '-', '-', '-'], ['-', '-', 'X', 'O', '-', '-', '-'], ['-', '-', 'O', 'X', 'O', 'O', '-'], ['-', '-', 'X', 'O', 'O', 'X', '-'], ['-', '-', 'O', 'X', 'X', 'O', '-'], ['-', 'X', 'O', 'X', 'O', 'X', 'X']]",drop 5
"[['-', '-', '-', '-', '-', '-', '-'], ['-', '-', 'X', 'O', '-', 'X', '-'], ['-', '-', 'O', 'X', 'O', 'O', '-'], ['-', '-', 'X', 'O', 'O', 'X', '-'], ['-', '-', 'O', 'X', 'X', 'O', '-'], ['-', 'X', 'O', 'X', 'O', 'X', 'X']]",drop 4
"[['-', '-', '-', '-', '-', '-', '-'], ['-', '-', 'X', 'O', 'O', 'X', '-'], ['-', '-', 'O', 'X', 'O', 'O', '-'], ['-', '-', 'X', 'O', 'O', 'X', '-'], ['-', '-', 'O', 'X', 'X', 'O', '-'], ['-', 'X', 'O', 'X', 'O', 'X', 'X']]",drop 4
"[['-', '-', '-', '-', 'X', '-', '-'], ['-', '-', 'X', 'O', 'O', 'X', '-'], ['-', '-', 'O', 'X', 'O', 'O', '-'], ['-', '-', 'X', 'O', 'O', 'X', '-'], ['-', '-', 'O', 'X', 'X', 'O', '-'], ['-', 'X', 'O', 'X', 'O', 'X', 'X']]",drop 1
"[['-', '-', '-', '-', 'X', '-', '-'], ['-', '-', 'X', 'O', 'O', 'X', '-'], ['-', '-', 'O', 'X', 'O', 'O', '-'], ['-', '-', 'X', 'O', 'O', 'X', '-'], ['-', 'O', 'O', 'X', 'X', 'O', '-'], ['-', 'X', 'O', 'X', 'O', 'X', 'X']]",drop 6
"[['-', '-', '-', '-', 'X', '-', '-'], ['-', '-', 'X', 'O', 'O', 'X', '-'], ['-', '-', 'O', 'X', 'O', 'O', '-'], ['-', '-', 'X', 'O', 'O', 'X', '-'], ['-', 'O', 'O', 'X', 'X', 'O', 'X'], ['-', 'X', 'O', 'X', 'O', 'X', 'X']]",drop 0
"[['-', '-', '-', '-', 'X', '-', '-'], ['-', '-', 'X', 'O', 'O', 'X', '-'], ['-', '-', 'O', 'X', 'O', 'O', '-'], ['-', '-', 'X', 'O', 'O', 'X', '-'], ['-', 'O', 'O', 'X', 'X', 'O', 'X'], ['O', 'X', 'O', 'X', 'O', 'X', 'X']]",pop 5
"[['-', '-', '-', '-', '-', '-', '-'], ['-', '-', '-', '-', '-', '-', '-'], ['-', '-', '-', '-', '-', '-', '-'], ['-', '-', '-', '-', '-', '-', '-'], ['-', '-', '-', '-', '-', '-', '-'], ['-', '-', '-', '-', '-', '-', '-']]",drop 3
"[['-', '-', '-', '-', '-', '-', '-'], ['-', '-', '-', '-', '-', '-', '-'], ['-', '-', '-', '-', '-', '-', '-'], ['-', '-', '-', '-', '-', '-', '-'], ['-', '-', '-', '-', '-', '-', '-'], ['-', '-', '-', 'X', '-', '-', '-']]",drop 3
"[['-', '-', '-', '-', '-', '-', '-'], ['-', '-', '-', '-', '-', '-', '-'], ['-', '-', '-', '-', '-', '-', '-'], ['-', '-', '-', '-', '-', '-', '-'], ['-', '-', '-', 'O', '-', '-', '-'], ['-', '-', '-', 'X', '-', '-', '-']]",drop 4
"[['-', '-', '-', '-', '-', '-', '-'], ['-', '-', '-', '-', '-', '-', '-'], ['-', '-', '-', '-', '-', '-', '-'], ['-', '-', '-', '-', '-', '-', '-'], ['-', '-', '-', 'O', '-', '-', '-'], ['-', '-', '-', 'X', 'X', '-', '-']]",drop 3
"[['-', '-', '-', '-', '-', '-', '-'], ['-', '-', '-', '-', '-', '-', '-'], ['-', '-', '-', '-', '-', '-', '-'], ['-', '-', '-', 'O', '-', '-', '-'], ['-', '-', '-', 'O', '-', '-', '-'], ['-', '-', '-', 'X', 'X', '-', '-']]",drop 5
"[['-', '-', '-', '-', '-', '-', '-'], ['-', '-', '-', '-', '-', '-', '-'], ['-', '-', '-', '-', '-', '-', '-'], ['-', '-', '-', 'O', '-', '-', '-'], ['-', '-', '-', 'O', '-', '-', '-'], ['-', '-', '-', 'X', 'X', 'X', '-']]",drop 6
"[['-', '-', '-', '-', '-', '-', '-'], ['-', '-', '-', '-', '-', '-', '-'], ['-', '-', '-', '-', '-', '-', '-'], ['-', '-', '-', 'O', '-', '-', '-'], ['-', '-', '-', 'O', '-', '-', '-'], ['-', '-', '-', 'X', 'X', 'X', 'O']]",drop 2
"[['-', '-', '-', '-', '-', '-', '-'], ['-', '-', '-', '-', '-', '-', '-'], ['-', '-', '-', '-', '-', '-', '-'], ['-', '-', '-', '-', '-', '-', '-'], ['-', '-', '-', '-', '-', '-', '-'], ['-', '-', '-', '-', '-', '-', '-']]",drop 3
"[['-', '-', '-', '-', '-', '-', '-'], ['-', '-', '-', '-', '-', '-', '-'], ['-', '-', '-', '-', '-', '-', '-'], ['-', '-', '-', '-', '-', '-', '-'], ['-', '-', '-', '-', '-', '-', '-'], ['-', '-', '-', 'X', '-', '-', '-']]",drop 3
"[['-', '-', '-', '-', '-', '-', '-'], ['-', '-', '-', '-', '-', '-', '-'], ['-', '-', '-', '-', '-', '-', '-'], ['-', '-', '-', '-', '-', '-', '-'], ['-', '-', '-', 'O', '-', '-', '-'], ['-', '-', '-', 'X', '-', '-', '-']]",drop 3
"[['-', '-', '-', '-', '-', '-', '-'], ['-', '-', '-', '-', '-', '-', '-'], ['-', '-', '-', '-', '-', '-', '-'], ['-', '-', '-', 'X', '-', '-', '-'], ['-', '-', '-', 'O', '-', '-', '-'], ['-', '-', '-', 'X', '-', '-', '-']]",drop 2
"[['-', '-', '-', '-', '-', '-', '-'], ['-', '-', '-', '-', '-', '-', '-'], ['-', '-', '-', '-', '-', '-', '-'], ['-', '-', '-', 'X', '-', '-', '-'], ['-', '-', '-', 'O', '-', '-', '-'], ['-', '-', 'O', 'X', '-', '-', '-']]",drop 2
"[['-', '-', '-', '-', '-', '-', '-'], ['-', '-', '-', '-', '-', '-', '-'], ['-', '-', '-', '-', '-', '-', '-'], ['-', '-', '-', 'X', '-', '-', '-'], ['-', '-', 'X', 'O', '-', '-', '-'], ['-', '-', 'O', 'X', '-', '-', '-']]",drop 3
"[['-', '-', '-', '-', '-', '-', '-'], ['-', '-', '-', '-', '-', '-', '-'], ['-', '-', '-', 'O', '-', '-', '-'], ['-', '-', '-', 'X', '-', '-', '-'], ['-', '-', 'X', 'O', '-', '-', '-'], ['-', '-', 'O', 'X', '-', '-', '-']]",drop 2
"[['-', '-', '-', '-', '-', '-', '-'], ['-', '-', '-', '-', '-', '-', '-'], ['-', '-', '-', 'O', '-', '-', '-'], ['-', '-', 'X', 'X', '-', '-', '-'], ['-', '-', 'X', 'O', '-', '-', '-'], ['-', '-', 'O', 'X', '-', '-', '-']]",drop 2
"[['-', '-', '-', '-', '-', '-', '-'], ['-', '-', '-', '-', '-', '-', '-'], ['-', '-', 'O', 'O', '-', '-', '-'], ['-', '-', 'X', 'X', '-', '-', '-'], ['-', '-', 'X', 'O', '-', '-', '-'], ['-', '-', 'O', 'X', '-', '-', '-']]",drop 4
"[['-', '-', '-', '-', '-', '-', '-'], ['-', '-', '-', '-', '-', '-', '-'], ['-', '-', 'O', 'O', '-', '-', '-'], ['-', '-', 'X', 'X', '-', '-', '-'], ['-', '-', 'X', 'O', '-', '-', '-'], ['-', '-', 'O', 'X', 'X', '-', '-']]",drop 4
"[['-', '-', '-', '-', '-', '-', '-'], ['-', '-', '-', '-', '-', '-', '-'], ['-', '-', 'O', 'O', '-', '-', '-'], ['-', '-', 'X', 'X', '-', '-', '-'], ['-', '-', 'X', 'O', 'O', '-', '-'], ['-', '-', 'O', 'X', 'X', '-', '-']]",drop 5
"[['-', '-', '-', '-', '-', '-', '-'], ['-', '-', '-', '-', '-', '-', '-'], ['-', '-', 'O', 'O', '-', '-', '-'], ['-', '-', 'X', 'X', '-', '-', '-'], ['-', '-', 'X', 'O', 'O', '-', '-'], ['-', '-', 'O', 'X', 'X', 'X', '-']]",drop 6
"[['-', '-', '-', '-', '-', '-', '-'], ['-', '-', '-', '-', '-', '-', '-'], ['-', '-', 'O', 'O', '-', '-', '-'], ['-', '-', 'X', 'X', '-', '-', '-'], ['-', '-', 'X', 'O', 'O', '-', '-'], ['-', '-', 'O', 'X', 'X', 'X', 'O']]",drop 4
"[['-', '-', '-', '-', '-', '-', '-'], ['-', '-', '-', '-', '-', '-', '-'], ['-', '-', 'O', 'O', '-', '-', '-'], ['-', '-', 'X', 'X', 'X', '-', '-'], ['-', '-', 'X', 'O', 'O', '-', '-'], ['-', '-', 'O', 'X', 'X', 'X', 'O']]",drop 6
"[['-', '-', '-', '-', '-', '-', '-'], ['-', '-', '-', '-', '-', '-', '-'], ['-', '-', 'O', 'O', '-', '-', '-'], ['-', '-', 'X', 'X', 'X', '-', '-'], ['-', '-', 'X', 'O', 'O', '-', 'O'], ['-', '-', 'O', 'X', 'X', 'X', 'O']]",drop 5
"[['-', '-', '-', '-', '-', '-', '-'], ['-', '-', '-', '-', '-', '-', '-'], ['-', '-', 'O', 'O', '-', '-', '-'], ['-', '-', 'X', 'X', 'X', '-', '-'], ['-', '-', 'X', 'O', 'O', 'X', 'O'], ['-', '-', 'O', 'X', 'X', 'X', 'O']]",drop 5
"[['-', '-', '-', '-', '-', '-', '-'], ['-', '-', '-', '-', '-', '-', '-'], ['-', '-', 'O', 'O', '-', '-', '-'], ['-', '-', 'X', 'X', 'X', 'O', '-'], ['-', '-', 'X', 'O', 'O', 'X', 'O'], ['-', '-', 'O', 'X', 'X', 'X', 'O']]",drop 5
"[['-', '-', '-', '-', '-', '-', '-'], ['-', '-', '-', '-', '-', '-', '-'], ['-', '-', 'O', 'O', '-', 'X', '-'], ['-', '-', 'X', 'X', 'X', 'O', '-'], ['-', '-', 'X', 'O', 'O', 'X', 'O'], ['-', '-', 'O', 'X', 'X', 'X', 'O']]",drop 6
"[['-', '-', '-', '-', '-', '-', '-'], ['-', '-', '-', '-', '-', '-', '-'], ['-', '-', 'O', 'O', '-', 'X', '-'], ['-', '-', 'X', 'X', 'X', 'O', 'O'], ['-', '-', 'X', 'O', 'O', 'X', 'O'], ['-', '-', 'O', 'X', 'X', 'X', 'O']]",pop 5
"[['-', '-', '-', '-', '-', '-', '-'], ['-', '-', '-', '-', '-', '-', '-'], ['-', '-', '-', '-', '-', '-', '-'], ['-', '-', '-', '-', '-', '-', '-'], ['-', '-', '-', '-', '-', '-', '-'], ['-', '-', '-', '-', '-', '-', '-']]",drop 3
"[['-', '-', '-', '-', '-', '-', '-'], ['-', '-', '-', '-', '-', '-', '-'], ['-', '-', '-', '-', '-', '-', '-'], ['-', '-', '-', '-', '-', '-', '-'], ['-', '-', '-', '-', '-', '-', '-'], ['-', '-', '-', 'X', '-', '-', '-']]",drop 3
"[['-', '-', '-', '-', '-', '-', '-'], ['-', '-', '-', '-', '-', '-', '-'], ['-', '-', '-', '-', '-', '-', '-'], ['-', '-', '-', '-', '-', '-', '-'], ['-', '-', '-', 'O', '-', '-', '-'], ['-', '-', '-', 'X', '-', '-', '-']]",drop 2
"[['-', '-', '-', '-', '-', '-', '-'], ['-', '-', '-', '-', '-', '-', '-'], ['-', '-', '-', '-', '-', '-', '-'], ['-', '-', '-', '-', '-', '-', '-'], ['-', '-', '-', 'O', '-', '-', '-'], ['-', '-', 'X', 'X', '-', '-', '-']]",drop 3
"[['-', '-', '-', '-', '-', '-', '-'], ['-', '-', '-', '-', '-', '-', '-'], ['-', '-', '-', '-', '-', '-', '-'], ['-', '-', '-', 'O', '-', '-', '-'], ['-', '-', '-', 'O', '-', '-', '-'], ['-', '-', 'X', 'X', '-', '-', '-']]",drop 1
"[['-', '-', '-', '-', '-', '-', '-'], ['-', '-', '-', '-', '-', '-', '-'], ['-', '-', '-', '-', '-', '-', '-'], ['-', '-', '-', 'O', '-', '-', '-'], ['-', '-', '-', 'O', '-', '-', '-'], ['-', 'X', 'X', 'X', '-', '-', '-']]",drop 0
"[['-', '-', '-', '-', '-', '-', '-'], ['-', '-', '-', '-', '-', '-', '-'], ['-', '-', '-', '-', '-', '-', '-'], ['-', '-', '-', 'O', '-', '-', '-'], ['-', '-', '-', 'O', '-', '-', '-'], ['O', 'X', 'X', 'X', '-', '-', '-']]",drop 4
"[['-', '-', '-', '-', '-', '-', '-'], ['-', '-', '-', '-', '-', '-', '-'], ['-', '-', '-', '-', '-', '-', '-'], ['-', '-', '-', '-', '-', '-', '-'], ['-', '-', '-', '-', '-', '-', '-'], ['-', '-', '-', '-', '-', '-', '-']]",drop 3
"[['-', '-', '-', '-', '-', '-', '-'], ['-', '-', '-', '-', '-', '-', '-'], ['-', '-', '-', '-', '-', '-', '-'], ['-', '-', '-', '-', '-', '-', '-'], ['-', '-', '-', '-', '-', '-', '-'], ['-', '-', '-', 'X', '-', '-', '-']]",drop 3
"[['-', '-', '-', '-', '-', '-', '-'], ['-', '-', '-', '-', '-', '-', '-'], ['-', '-', '-', '-', '-', '-', '-'], ['-', '-', '-', '-', '-', '-', '-'], ['-', '-', '-', 'O', '-', '-', '-'], ['-', '-', '-', 'X', '-', '-', '-']]",drop 3
"[['-', '-', '-', '-', '-', '-', '-'], ['-', '-', '-', '-', '-', '-', '-'], ['-', '-', '-', '-', '-', '-', '-'], ['-', '-', '-', 'X', '-', '-', '-'], ['-', '-', '-', 'O', '-', '-', '-'], ['-', '-', '-', 'X', '-', '-', '-']]",drop 4
"[['-', '-', '-', '-', '-', '-', '-'], ['-', '-', '-', '-', '-', '-', '-'], ['-', '-', '-', '-', '-', '-', '-'], ['-', '-', '-', 'X', '-', '-', '-'], ['-', '-', '-', 'O', '-', '-', '-'], ['-', '-', '-', 'X', 'O', '-', '-']]",drop 4
"[['-', '-', '-', '-', '-', '-', '-'], ['-', '-', '-', '-', '-', '-', '-'], ['-', '-', '-', '-', '-', '-', '-'], ['-', '-', '-', 'X', '-', '-', '-'], ['-', '-', '-', 'O', 'X', '-', '-'], ['-', '-', '-', 'X', 'O', '-', '-']]",drop 3
"[['-', '-', '-', '-', '-', '-', '-'], ['-', '-', '-', '-', '-', '-', '-'], ['-', '-', '-', 'O', '-', '-', '-'], ['-', '-', '-', 'X', '-', '-', '-'], ['-', '-', '-', 'O', 'X', '-', '-'], ['-', '-', '-', 'X', 'O', '-', '-']]",drop 2
"[['-', '-', '-', '-', '-', '-', '-'], ['-', '-', '-', '-', '-', '-', '-'], ['-', '-', '-', 'O', '-', '-', '-'], ['-', '-', '-', 'X', '-', '-', '-'], ['-', '-', '-', 'O', 'X', '-', '-'], ['-', '-', 'X', 'X', 'O', '-', '-']]",drop 5
"[['-', '-', '-', '-', '-', '-', '-'], ['-', '-', '-', '-', '-', '-', '-'], ['-', '-', '-', 'O', '-', '-', '-'], ['-', '-', '-', 'X', '-', '-', '-'], ['-', '-', '-', 'O', 'X', '-', '-'], ['-', '-', 'X', 'X', 'O', 'O', '-']]",drop 1
"[['-', '-', '-', '-', '-', '-', '-'], ['-', '-', '-', '-', '-', '-', '-'], ['-', '-', '-', 'O', '-', '-', '-'], ['-', '-', '-', 'X', '-', '-', '-'], ['-', '-', '-', 'O', 'X', '-', '-'], ['-', 'X', 'X', 'X', 'O', 'O', '-']]",drop 0
"[['-', '-', '-', '-', '-', '-', '-'], ['-', '-', '-', '-', '-', '-', '-'], ['-', '-', '-', 'O', '-', '-', '-'], ['-', '-', '-', 'X', '-', '-', '-'], ['-', '-', '-', 'O', 'X', '-', '-'], ['O', 'X', 'X', 'X', 'O', 'O', '-']]",drop 2
"[['-', '-', '-', '-', '-', '-', '-'], ['-', '-', '-', '-', '-', '-', '-'], ['-', '-', '-', 'O', '-', '-', '-'], ['-', '-', '-', 'X', '-', '-', '-'], ['-', '-', 'X', 'O', 'X', '-', '-'], ['O', 'X', 'X', 'X', 'O', 'O', '-']]",drop 2
"[['-', '-', '-', '-', '-', '-', '-'], ['-', '-', '-', '-', '-', '-', '-'], ['-', '-', '-', 'O', '-', '-', '-'], ['-', '-', 'O', 'X', '-', '-', '-'], ['-', '-', 'X', 'O', 'X', '-', '-'], ['O', 'X', 'X', 'X', 'O', 'O', '-']]",drop 1
"[['-', '-', '-', '-', '-', '-', '-'], ['-', '-', '-', '-', '-', '-', '-'], ['-', '-', '-', 'O', '-', '-', '-'], ['-', '-', 'O', 'X', '-', '-', '-'], ['-', 'X', 'X', 'O', 'X', '-', '-'], ['O', 'X', 'X', 'X', 'O', 'O', '-']]",drop 1
"[['-', '-', '-', '-', '-', '-', '-'], ['-', '-', '-', '-', '-', '-', '-'], ['-', '-', '-', 'O', '-', '-', '-'], ['-', 'O', 'O', 'X', '-', '-', '-'], ['-', 'X', 'X', 'O', 'X', '-', '-'], ['O', 'X', 'X', 'X', 'O', 'O', '-']]",pop 3
"[['-', '-', '-', '-', '-', '-', '-'], ['-', '-', '-', '-', '-', '-', '-'], ['-', '-', '-', '-', '-', '-', '-'], ['-', '-', '-', '-', '-', '-', '-'], ['-', '-', '-', '-', '-', '-', '-'], ['-', '-', '-', '-', '-', '-', '-']]",drop 3
"[['-', '-', '-', '-', '-', '-', '-'], ['-', '-', '-', '-', '-', '-', '-'], ['-', '-', '-', '-', '-', '-', '-'], ['-', '-', '-', '-', '-', '-', '-'], ['-', '-', '-', '-', '-', '-', '-'], ['-', '-', '-', 'X', '-', '-', '-']]",drop 3
"[['-', '-', '-', '-', '-', '-', '-'], ['-', '-', '-', '-', '-', '-', '-'], ['-', '-', '-', '-', '-', '-', '-'], ['-', '-', '-', '-', '-', '-', '-'], ['-', '-', '-', 'O', '-', '-', '-'], ['-', '-', '-', 'X', '-', '-', '-']]",drop 3
"[['-', '-', '-', '-', '-', '-', '-'], ['-', '-', '-', '-', '-', '-', '-'], ['-', '-', '-', '-', '-', '-', '-'], ['-', '-', '-', 'X', '-', '-', '-'], ['-', '-', '-', 'O', '-', '-', '-'], ['-', '-', '-', 'X', '-', '-', '-']]",drop 4
"[['-', '-', '-', '-', '-', '-', '-'], ['-', '-', '-', '-', '-', '-', '-'], ['-', '-', '-', '-', '-', '-', '-'], ['-', '-', '-', 'X', '-', '-', '-'], ['-', '-', '-', 'O', '-', '-', '-'], ['-', '-', '-', 'X', 'O', '-', '-']]",drop 4
"[['-', '-', '-', '-', '-', '-', '-'], ['-', '-', '-', '-', '-', '-', '-'], ['-', '-', '-', '-', '-', '-', '-'], ['-', '-', '-', 'X', '-', '-', '-'], ['-', '-', '-', 'O', 'X', '-', '-'], ['-', '-', '-', 'X', 'O', '-', '-']]",drop 1
"[['-', '-', '-', '-', '-', '-', '-'], ['-', '-', '-', '-', '-', '-', '-'], ['-', '-', '-', '-', '-', '-', '-'], ['-', '-', '-', 'X', '-', '-', '-'], ['-', '-', '-', 'O', 'X', '-', '-'], ['-', 'O', '-', 'X', 'O', '-', '-']]",drop 3
"[['-', '-', '-', '-', '-', '-', '-'], ['-', '-', '-', '-', '-', '-', '-'], ['-', '-', '-', 'X', '-', '-', '-'], ['-', '-', '-', 'X', '-', '-', '-'], ['-', '-', '-', 'O', 'X', '-', '-'], ['-', 'O', '-', 'X', 'O', '-', '-']]",drop 2
"[['-', '-', '-', '-', '-', '-', '-'], ['-', '-', '-', '-', '-', '-', '-'], ['-', '-', '-', 'X', '-', '-', '-'], ['-', '-', '-', 'X', '-', '-', '-'], ['-', '-', '-', 'O', 'X', '-', '-'], ['-', 'O', 'O', 'X', 'O', '-', '-']]",drop 3
"[['-', '-', '-', '-', '-', '-', '-'], ['-', '-', '-', 'X', '-', '-', '-'], ['-', '-', '-', 'X', '-', '-', '-'], ['-', '-', '-', 'X', '-', '-', '-'], ['-', '-', '-', 'O', 'X', '-', '-'], ['-', 'O', 'O', 'X', 'O', '-', '-']]",drop 3
"[['-', '-', '-', 'O', '-', '-', '-'], ['-', '-', '-', 'X', '-', '-', '-'], ['-', '-', '-', 'X', '-', '-', '-'], ['-', '-', '-', 'X', '-', '-', '-'], ['-', '-', '-', 'O', 'X', '-', '-'], ['-', 'O', 'O', 'X', 'O', '-', '-']]",drop 2
"[['-', '-', '-', 'O', '-', '-', '-'], ['-', '-', '-', 'X', '-', '-', '-'], ['-', '-', '-', 'X', '-', '-', '-'], ['-', '-', '-', 'X', '-', '-', '-'], ['-', '-', 'X', 'O', 'X', '-', '-'], ['-', 'O', 'O', 'X', 'O', '-', '-']]",drop 1
"[['-', '-', '-', 'O', '-', '-', '-'], ['-', '-', '-', 'X', '-', '-', '-'], ['-', '-', '-', 'X', '-', '-', '-'], ['-', '-', '-', 'X', '-', '-', '-'], ['-', 'O', 'X', 'O', 'X', '-', '-'], ['-', 'O', 'O', 'X', 'O', '-', '-']]",drop 2
"[['-', '-', '-', 'O', '-', '-', '-'], ['-', '-', '-', 'X', '-', '-', '-'], ['-', '-', '-', 'X', '-', '-', '-'], ['-', '-', 'X', 'X', '-', '-', '-'], ['-', 'O', 'X', 'O', 'X', '-', '-'], ['-', 'O', 'O', 'X', 'O', '-', '-']]",drop 1
"[['-', '-', '-', 'O', '-', '-', '-'], ['-', '-', '-', 'X', '-', '-', '-'], ['-', '-', '-', 'X', '-', '-', '-'], ['-', 'O', 'X', 'X', '-', '-', '-'], ['-', 'O', 'X', 'O', 'X', '-', '-'], ['-', 'O', 'O', 'X', 'O', '-', '-']]",drop 1
"[['-', '-', '-', 'O', '-', '-', '-'], ['-', '-', '-', 'X', '-', '-', '-'], ['-', 'X', '-', 'X', '-', '-', '-'], ['-', 'O', 'X', 'X', '-', '-', '-'], ['-', 'O', 'X', 'O', 'X', '-', '-'], ['-', 'O', 'O', 'X', 'O', '-', '-']]",drop 2
"[['-', '-', '-', 'O', '-', '-', '-'], ['-', '-', '-', 'X', '-', '-', '-'], ['-', 'X', 'O', 'X', '-', '-', '-'], ['-', 'O', 'X', 'X', '-', '-', '-'], ['-', 'O', 'X', 'O', 'X', '-', '-'], ['-', 'O', 'O', 'X', 'O', '-', '-']]",drop 4
"[['-', '-', '-', 'O', '-', '-', '-'], ['-', '-', '-', 'X', '-', '-', '-'], ['-', 'X', 'O', 'X', '-', '-', '-'], ['-', 'O', 'X', 'X', 'X', '-', '-'], ['-', 'O', 'X', 'O', 'X', '-', '-'], ['-', 'O', 'O', 'X', 'O', '-', '-']]",drop 2
"[['-', '-', '-', 'O', '-', '-', '-'], ['-', '-', 'O', 'X', '-', '-', '-'], ['-', 'X', 'O', 'X', '-', '-', '-'], ['-', 'O', 'X', 'X', 'X', '-', '-'], ['-', 'O', 'X', 'O', 'X', '-', '-'], ['-', 'O', 'O', 'X', 'O', '-', '-']]",drop 2
"[['-', '-', 'X', 'O', '-', '-', '-'], ['-', '-', 'O', 'X', '-', '-', '-'], ['-', 'X', 'O', 'X', '-', '-', '-'], ['-', 'O', 'X', 'X', 'X', '-', '-'], ['-', 'O', 'X', 'O', 'X', '-', '-'], ['-', 'O', 'O', 'X', 'O', '-', '-']]",drop 4
"[['-', '-', 'X', 'O', '-', '-', '-'], ['-', '-', 'O', 'X', '-', '-', '-'], ['-', 'X', 'O', 'X', 'O', '-', '-'], ['-', 'O', 'X', 'X', 'X', '-', '-'], ['-', 'O', 'X', 'O', 'X', '-', '-'], ['-', 'O', 'O', 'X', 'O', '-', '-']]",drop 5
"[['-', '-', 'X', 'O', '-', '-', '-'], ['-', '-', 'O', 'X', '-', '-', '-'], ['-', 'X', 'O', 'X', 'O', '-', '-'], ['-', 'O', 'X', 'X', 'X', '-', '-'], ['-', 'O', 'X', 'O', 'X', '-', '-'], ['-', 'O', 'O', 'X', 'O', 'X', '-']]",drop 4
"[['-', '-', 'X', 'O', '-', '-', '-'], ['-', '-', 'O', 'X', 'O', '-', '-'], ['-', 'X', 'O', 'X', 'O', '-', '-'], ['-', 'O', 'X', 'X', 'X', '-', '-'], ['-', 'O', 'X', 'O', 'X', '-', '-'], ['-', 'O', 'O', 'X', 'O', 'X', '-']]",drop 5
"[['-', '-', 'X', 'O', '-', '-', '-'], ['-', '-', 'O', 'X', 'O', '-', '-'], ['-', 'X', 'O', 'X', 'O', '-', '-'], ['-', 'O', 'X', 'X', 'X', '-', '-'], ['-', 'O', 'X', 'O', 'X', 'X', '-'], ['-', 'O', 'O', 'X', 'O', 'X', '-']]",pop 4
"[['-', '-', 'X', 'O', '-', '-', '-'], ['-', '-', 'O', 'X', '-', '-', '-'], ['-', 'X', 'O', 'X', 'O', '-', '-'], ['-', 'O', 'X', 'X', 'O', '-', '-'], ['-', 'O', 'X', 'O', 'X', 'X', '-'], ['-', 'O', 'O', 'X', 'X', 'X', '-']]",pop 3
"[['-', '-', '-', '-', '-', '-', '-'], ['-', '-', '-', '-', '-', '-', '-'], ['-', '-', '-', '-', '-', '-', '-'], ['-', '-', '-', '-', '-', '-', '-'], ['-', '-', '-', '-', '-', '-', '-'], ['-', '-', '-', '-', '-', '-', '-']]",drop 3
"[['-', '-', '-', '-', '-', '-', '-'], ['-', '-', '-', '-', '-', '-', '-'], ['-', '-', '-', '-', '-', '-', '-'], ['-', '-', '-', '-', '-', '-', '-'], ['-', '-', '-', '-', '-', '-', '-'], ['-', '-', '-', 'X', '-', '-', '-']]",drop 3
"[['-', '-', '-', '-', '-', '-', '-'], ['-', '-', '-', '-', '-', '-', '-'], ['-', '-', '-', '-', '-', '-', '-'], ['-', '-', '-', '-', '-', '-', '-'], ['-', '-', '-', 'O', '-', '-', '-'], ['-', '-', '-', 'X', '-', '-', '-']]",drop 3
"[['-', '-', '-', '-', '-', '-', '-'], ['-', '-', '-', '-', '-', '-', '-'], ['-', '-', '-', '-', '-', '-', '-'], ['-', '-', '-', 'X', '-', '-', '-'], ['-', '-', '-', 'O', '-', '-', '-'], ['-', '-', '-', 'X', '-', '-', '-']]",drop 4
"[['-', '-', '-', '-', '-', '-', '-'], ['-', '-', '-', '-', '-', '-', '-'], ['-', '-', '-', '-', '-', '-', '-'], ['-', '-', '-', 'X', '-', '-', '-'], ['-', '-', '-', 'O', '-', '-', '-'], ['-', '-', '-', 'X', 'O', '-', '-']]",drop 3
"[['-', '-', '-', '-', '-', '-', '-'], ['-', '-', '-', '-', '-', '-', '-'], ['-', '-', '-', 'X', '-', '-', '-'], ['-', '-', '-', 'X', '-', '-', '-'], ['-', '-', '-', 'O', '-', '-', '-'], ['-', '-', '-', 'X', 'O', '-', '-']]",drop 2
"[['-', '-', '-', '-', '-', '-', '-'], ['-', '-', '-', '-', '-', '-', '-'], ['-', '-', '-', 'X', '-', '-', '-'], ['-', '-', '-', 'X', '-', '-', '-'], ['-', '-', '-', 'O', '-', '-', '-'], ['-', '-', 'O', 'X', 'O', '-', '-']]",drop 3
"[['-', '-', '-', '-', '-', '-', '-'], ['-', '-', '-', 'X', '-', '-', '-'], ['-', '-', '-', 'X', '-', '-', '-'], ['-', '-', '-', 'X', '-', '-', '-'], ['-', '-', '-', 'O', '-', '-', '-'], ['-', '-', 'O', 'X', 'O', '-', '-']]",drop 3
"[['-', '-', '-', 'O', '-', '-', '-'], ['-', '-', '-', 'X', '-', '-', '-'], ['-', '-', '-', 'X', '-', '-', '-'], ['-', '-', '-', 'X', '-', '-', '-'], ['-', '-', '-', 'O', '-', '-', '-'], ['-', '-', 'O', 'X', 'O', '-', '-']]",drop 4
"[['-', '-', '-', 'O', '-', '-', '-'], ['-', '-', '-', 'X', '-', '-', '-'], ['-', '-', '-', 'X', '-', '-', '-'], ['-', '-', '-', 'X', '-', '-', '-'], ['-', '-', '-', 'O', 'X', '-', '-'], ['-', '-', 'O', 'X', 'O', '-', '-']]",drop 5
"[['-', '-', '-', 'O', '-', '-', '-'], ['-', '-', '-', 'X', '-', '-', '-'], ['-', '-', '-', 'X', '-', '-', '-'], ['-', '-', '-', 'X', '-', '-', '-'], ['-', '-', '-', 'O', 'X', '-', '-'], ['-', '-', 'O', 'X', 'O', 'O', '-']]",drop 2
"[['-', '-', '-', 'O', '-', '-', '-'], ['-', '-', '-', 'X', '-', '-', '-'], ['-', '-', '-', 'X', '-', '-', '-'], ['-', '-', '-', 'X', '-', '-', '-'], ['-', '-', 'X', 'O', 'X', '-', '-'], ['-', '-', 'O', 'X', 'O', 'O', '-']]",drop 5
"[['-', '-', '-', 'O', '-', '-', '-'], ['-', '-', '-', 'X', '-', '-', '-'], ['-', '-', '-', 'X', '-', '-', '-'], ['-', '-', '-', 'X', '-', '-', '-'], ['-', '-', 'X', 'O', 'X', 'O', '-'], ['-', '-', 'O', 'X', 'O', 'O', '-']]",drop 4
"[['-', '-', '-', 'O', '-', '-', '-'], ['-', '-', '-', 'X', '-', '-', '-'], ['-', '-', '-', 'X', '-', '-', '-'], ['-', '-', '-', 'X', 'X', '-', '-'], ['-', '-', 'X', 'O', 'X', 'O', '-'], ['-', '-', 'O', 'X', 'O', 'O', '-']]",drop 5
"[['-', '-', '-', 'O', '-', '-', '-'], ['-', '-', '-', 'X', '-', '-', '-'], ['-', '-', '-', 'X', '-', '-', '-'], ['-', '-', '-', 'X', 'X', 'O', '-'], ['-', '-', 'X', 'O', 'X', 'O', '-'], ['-', '-', 'O', 'X', 'O', 'O', '-']]",drop 5
"[['-', '-', '-', 'O', '-', '-', '-'], ['-', '-', '-', 'X', '-', '-', '-'], ['-', '-', '-', 'X', '-', 'X', '-'], ['-', '-', '-', 'X', 'X', 'O', '-'], ['-', '-', 'X', 'O', 'X', 'O', '-'], ['-', '-', 'O', 'X', 'O', 'O', '-']]",drop 4
"[['-', '-', '-', 'O', '-', '-', '-'], ['-', '-', '-', 'X', '-', '-', '-'], ['-', '-', '-', 'X', 'O', 'X', '-'], ['-', '-', '-', 'X', 'X', 'O', '-'], ['-', '-', 'X', 'O', 'X', 'O', '-'], ['-', '-', 'O', 'X', 'O', 'O', '-']]",drop 2
"[['-', '-', '-', 'O', '-', '-', '-'], ['-', '-', '-', 'X', '-', '-', '-'], ['-', '-', '-', 'X', 'O', 'X', '-'], ['-', '-', 'X', 'X', 'X', 'O', '-'], ['-', '-', 'X', 'O', 'X', 'O', '-'], ['-', '-', 'O', 'X', 'O', 'O', '-']]",drop 2
"[['-', '-', '-', 'O', '-', '-', '-'], ['-', '-', '-', 'X', '-', '-', '-'], ['-', '-', 'O', 'X', 'O', 'X', '-'], ['-', '-', 'X', 'X', 'X', 'O', '-'], ['-', '-', 'X', 'O', 'X', 'O', '-'], ['-', '-', 'O', 'X', 'O', 'O', '-']]",drop 1
"[['-', '-', '-', 'O', '-', '-', '-'], ['-', '-', '-', 'X', '-', '-', '-'], ['-', '-', 'O', 'X', 'O', 'X', '-'], ['-', '-', 'X', 'X', 'X', 'O', '-'], ['-', '-', 'X', 'O', 'X', 'O', '-'], ['-', 'X', 'O', 'X', 'O', 'O', '-']]",drop 4
"[['-', '-', '-', 'O', '-', '-', '-'], ['-', '-', '-', 'X', 'O', '-', '-'], ['-', '-', 'O', 'X', 'O', 'X', '-'], ['-', '-', 'X', 'X', 'X', 'O', '-'], ['-', '-', 'X', 'O', 'X', 'O', '-'], ['-', 'X', 'O', 'X', 'O', 'O', '-']]",drop 1
"[['-', '-', '-', 'O', '-', '-', '-'], ['-', '-', '-', 'X', 'O', '-', '-'], ['-', '-', 'O', 'X', 'O', 'X', '-'], ['-', '-', 'X', 'X', 'X', 'O', '-'], ['-', 'X', 'X', 'O', 'X', 'O', '-'], ['-', 'X', 'O', 'X', 'O', 'O', '-']]",pop 2
"[['-', '-', '-', 'O', '-', '-', '-'], ['-', '-', '-', 'X', 'O', '-', '-'], ['-', '-', '-', 'X', 'O', 'X', '-'], ['-', '-', 'O', 'X', 'X', 'O', '-'], ['-', 'X', 'X', 'O', 'X', 'O', '-'], ['-', 'X', 'X', 'X', 'O', 'O', '-']]",drop 0
"[['-', '-', '-', '-', '-', '-', '-'], ['-', '-', '-', '-', '-', '-', '-'], ['-', '-', '-', '-', '-', '-', '-'], ['-', '-', '-', '-', '-', '-', '-'], ['-', '-', '-', '-', '-', '-', '-'], ['-', '-', '-', '-', '-', '-', '-']]",drop 3
"[['-', '-', '-', '-', '-', '-', '-'], ['-', '-', '-', '-', '-', '-', '-'], ['-', '-', '-', '-', '-', '-', '-'], ['-', '-', '-', '-', '-', '-', '-'], ['-', '-', '-', '-', '-', '-', '-'], ['-', '-', '-', 'X', '-', '-', '-']]",drop 3
"[['-', '-', '-', '-', '-', '-', '-'], ['-', '-', '-', '-', '-', '-', '-'], ['-', '-', '-', '-', '-', '-', '-'], ['-', '-', '-', '-', '-', '-', '-'], ['-', '-', '-', 'O', '-', '-', '-'], ['-', '-', '-', 'X', '-', '-', '-']]",drop 2
"[['-', '-', '-', '-', '-', '-', '-'], ['-', '-', '-', '-', '-', '-', '-'], ['-', '-', '-', '-', '-', '-', '-'], ['-', '-', '-', '-', '-', '-', '-'], ['-', '-', '-', 'O', '-', '-', '-'], ['-', '-', 'X', 'X', '-', '-', '-']]",drop 4
"[['-', '-', '-', '-', '-', '-', '-'], ['-', '-', '-', '-', '-', '-', '-'], ['-', '-', '-', '-', '-', '-', '-'], ['-', '-', '-', '-', '-', '-', '-'], ['-', '-', '-', 'O', '-', '-', '-'], ['-', '-', 'X', 'X', 'O', '-', '-']]",drop 1
"[['-', '-', '-', '-', '-', '-', '-'], ['-', '-', '-', '-', '-', '-', '-'], ['-', '-', '-', '-', '-', '-', '-'], ['-', '-', '-', '-', '-', '-', '-'], ['-', '-', '-', 'O', '-', '-', '-'], ['-', 'X', 'X', 'X', 'O', '-', '-']]",drop 0
"[['-', '-', '-', '-', '-', '-', '-'], ['-', '-', '-', '-', '-', '-', '-'], ['-', '-', '-', '-', '-', '-', '-'], ['-', '-', '-', '-', '-', '-', '-'], ['-', '-', '-', 'O', '-', '-', '-'], ['O', 'X', 'X', 'X', 'O', '-', '-']]",drop 4
"[['-', '-', '-', '-', '-', '-', '-'], ['-', '-', '-', '-', '-', '-', '-'], ['-', '-', '-', '-', '-', '-', '-'], ['-', '-', '-', '-', '-', '-', '-'], ['-', '-', '-', 'O', 'X', '-', '-'], ['O', 'X', 'X', 'X', 'O', '-', '-']]",drop 3
"[['-', '-', '-', '-', '-', '-', '-'], ['-', '-', '-', '-', '-', '-', '-'], ['-', '-', '-', '-', '-', '-', '-'], ['-', '-', '-', 'O', '-', '-', '-'], ['-', '-', '-', 'O', 'X', '-', '-'], ['O', 'X', 'X', 'X', 'O', '-', '-']]",drop 3
"[['-', '-', '-', '-', '-', '-', '-'], ['-', '-', '-', '-', '-', '-', '-'], ['-', '-', '-', 'X', '-', '-', '-'], ['-', '-', '-', 'O', '-', '-', '-'], ['-', '-', '-', 'O', 'X', '-', '-'], ['O', 'X', 'X', 'X', 'O', '-', '-']]",drop 1
"[['-', '-', '-', '-', '-', '-', '-'], ['-', '-', '-', '-', '-', '-', '-'], ['-', '-', '-', 'X', '-', '-', '-'], ['-', '-', '-', 'O', '-', '-', '-'], ['-', 'O', '-', 'O', 'X', '-', '-'], ['O', 'X', 'X', 'X', 'O', '-', '-']]",drop 2
"[['-', '-', '-', '-', '-', '-', '-'], ['-', '-', '-', '-', '-', '-', '-'], ['-', '-', '-', 'X', '-', '-', '-'], ['-', '-', '-', 'O', '-', '-', '-'], ['-', 'O', 'X', 'O', 'X', '-', '-'], ['O', 'X', 'X', 'X', 'O', '-', '-']]",drop 2
"[['-', '-', '-', '-', '-', '-', '-'], ['-', '-', '-', '-', '-', '-', '-'], ['-', '-', '-', 'X', '-', '-', '-'], ['-', '-', 'O', 'O', '-', '-', '-'], ['-', 'O', 'X', 'O', 'X', '-', '-'], ['O', 'X', 'X', 'X', 'O', '-', '-']]",drop 4
"[['-', '-', '-', '-', '-', '-', '-'], ['-', '-', '-', '-', '-', '-', '-'], ['-', '-', '-', 'X', '-', '-', '-'], ['-', '-', 'O', 'O', 'X', '-', '-'], ['-', 'O', 'X', 'O', 'X', '-', '-'], ['O', 'X', 'X', 'X', 'O', '-', '-']]",drop 1
"[['-', '-', '-', '-', '-', '-', '-'], ['-', '-', '-', '-', '-', '-', '-'], ['-', '-', '-', 'X', '-', '-', '-'], ['-', 'O', 'O', 'O', 'X', '-', '-'], ['-', 'O', 'X', 'O', 'X', '-', '-'], ['O', 'X', 'X', 'X', 'O', '-', '-']]",drop 1
"[['-', '-', '-', '-', '-', '-', '-'], ['-', '-', '-', '-', '-', '-', '-'], ['-', 'X', '-', 'X', '-', '-', '-'], ['-', 'O', 'O', 'O', 'X', '-', '-'], ['-', 'O', 'X', 'O', 'X', '-', '-'], ['O', 'X', 'X', 'X', 'O', '-', '-']]",drop 4
"[['-', '-', '-', '-', '-', '-', '-'], ['-', '-', '-', '-', '-', '-', '-'], ['-', 'X', '-', 'X', 'O', '-', '-'], ['-', 'O', 'O', 'O', 'X', '-', '-'], ['-', 'O', 'X', 'O', 'X', '-', '-'], ['O', 'X', 'X', 'X', 'O', '-', '-']]",pop 3
"[['-', '-', '-', '-', '-', '-', '-'], ['-', '-', '-', '-', '-', '-', '-'], ['-', 'X', '-', '-', 'O', '-', '-'], ['-', 'O', 'O', 'X', 'X', '-', '-'], ['-', 'O', 'X', 'O', 'X', '-', '-'], ['O', 'X', 'X', 'O', 'O', '-', '-']]",drop 3
"[['-', '-', '-', '-', '-', '-', '-'], ['-', '-', '-', '-', '-', '-', '-'], ['-', '-', '-', '-', '-', '-', '-'], ['-', '-', '-', '-', '-', '-', '-'], ['-', '-', '-', '-', '-', '-', '-'], ['-', '-', '-', '-', '-', '-', '-']]",drop 3
"[['-', '-', '-', '-', '-', '-', '-'], ['-', '-', '-', '-', '-', '-', '-'], ['-', '-', '-', '-', '-', '-', '-'], ['-', '-', '-', '-', '-', '-', '-'], ['-', '-', '-', '-', '-', '-', '-'], ['-', '-', '-', 'X', '-', '-', '-']]",drop 3
"[['-', '-', '-', '-', '-', '-', '-'], ['-', '-', '-', '-', '-', '-', '-'], ['-', '-', '-', '-', '-', '-', '-'], ['-', '-', '-', '-', '-', '-', '-'], ['-', '-', '-', 'O', '-', '-', '-'], ['-', '-', '-', 'X', '-', '-', '-']]",drop 3
"[['-', '-', '-', '-', '-', '-', '-'], ['-', '-', '-', '-', '-', '-', '-'], ['-', '-', '-', '-', '-', '-', '-'], ['-', '-', '-', 'X', '-', '-', '-'], ['-', '-', '-', 'O', '-', '-', '-'], ['-', '-', '-', 'X', '-', '-', '-']]",drop 2
"[['-', '-', '-', '-', '-', '-', '-'], ['-', '-', '-', '-', '-', '-', '-'], ['-', '-', '-', '-', '-', '-', '-'], ['-', '-', '-', 'X', '-', '-', '-'], ['-', '-', '-', 'O', '-', '-', '-'], ['-', '-', 'O', 'X', '-', '-', '-']]",drop 4
"[['-', '-', '-', '-', '-', '-', '-'], ['-', '-', '-', '-', '-', '-', '-'], ['-', '-', '-', '-', '-', '-', '-'], ['-', '-', '-', 'X', '-', '-', '-'], ['-', '-', '-', 'O', '-', '-', '-'], ['-', '-', 'O', 'X', 'X', '-', '-']]",drop 2
"[['-', '-', '-', '-', '-', '-', '-'], ['-', '-', '-', '-', '-', '-', '-'], ['-', '-', '-', '-', '-', '-', '-'], ['-', '-', '-', 'X', '-', '-', '-'], ['-', '-', 'O', 'O', '-', '-', '-'], ['-', '-', 'O', 'X', 'X', '-', '-']]",drop 5
"[['-', '-', '-', '-', '-', '-', '-'], ['-', '-', '-', '-', '-', '-', '-'], ['-', '-', '-', '-', '-', '-', '-'], ['-', '-', '-', 'X', '-', '-', '-'], ['-', '-', 'O', 'O', '-', '-', '-'], ['-', '-', 'O', 'X', 'X', 'X', '-']]",drop 6
"[['-', '-', '-', '-', '-', '-', '-'], ['-', '-', '-', '-', '-', '-', '-'], ['-', '-', '-', '-', '-', '-', '-'], ['-', '-', '-', 'X', '-', '-', '-'], ['-', '-', 'O', 'O', '-', '-', '-'], ['-', '-', 'O', 'X', 'X', 'X', 'O']]",drop 4
"[['-', '-', '-', '-', '-', '-', '-'], ['-', '-', '-', '-', '-', '-', '-'], ['-', '-', '-', '-', '-', '-', '-'], ['-', '-', '-', 'X', '-', '-', '-'], ['-', '-', 'O', 'O', 'X', '-', '-'], ['-', '-', 'O', 'X', 'X', 'X', 'O']]",drop 4
"[['-', '-', '-', '-', '-', '-', '-'], ['-', '-', '-', '-', '-', '-', '-'], ['-', '-', '-', '-', '-', '-', '-'], ['-', '-', '-', 'X', 'O', '-', '-'], ['-', '-', 'O', 'O', 'X', '-', '-'], ['-', '-', 'O', 'X', 'X', 'X', 'O']]",drop 2
"[['-', '-', '-', '-', '-', '-', '-'], ['-', '-', '-', '-', '-', '-', '-'], ['-', '-', '-', '-', '-', '-', '-'], ['-', '-', 'X', 'X', 'O', '-', '-'], ['-', '-', 'O', 'O', 'X', '-', '-'], ['-', '-', 'O', 'X', 'X', 'X', 'O']]",drop 2
"[['-', '-', '-', '-', '-', '-', '-'], ['-', '-', '-', '-', '-', '-', '-'], ['-', '-', 'O', '-', '-', '-', '-'], ['-', '-', 'X', 'X', 'O', '-', '-'], ['-', '-', 'O', 'O', 'X', '-', '-'], ['-', '-', 'O', 'X', 'X', 'X', 'O']]",drop 3
"[['-', '-', '-', '-', '-', '-', '-'], ['-', '-', '-', '-', '-', '-', '-'], ['-', '-', 'O', 'X', '-', '-', '-'], ['-', '-', 'X', 'X', 'O', '-', '-'], ['-', '-', 'O', 'O', 'X', '-', '-'], ['-', '-', 'O', 'X', 'X', 'X', 'O']]",drop 5
"[['-', '-', '-', '-', '-', '-', '-'], ['-', '-', '-', '-', '-', '-', '-'], ['-', '-', 'O', 'X', '-', '-', '-'], ['-', '-', 'X', 'X', 'O', '-', '-'], ['-', '-', 'O', 'O', 'X', 'O', '-'], ['-', '-', 'O', 'X', 'X', 'X', 'O']]",drop 3
"[['-', '-', '-', '-', '-', '-', '-'], ['-', '-', '-', 'X', '-', '-', '-'], ['-', '-', 'O', 'X', '-', '-', '-'], ['-', '-', 'X', 'X', 'O', '-', '-'], ['-', '-', 'O', 'O', 'X', 'O', '-'], ['-', '-', 'O', 'X', 'X', 'X', 'O']]",drop 3
"[['-', '-', '-', 'O', '-', '-', '-'], ['-', '-', '-', 'X', '-', '-', '-'], ['-', '-', 'O', 'X', '-', '-', '-'], ['-', '-', 'X', 'X', 'O', '-', '-'], ['-', '-', 'O', 'O', 'X', 'O', '-'], ['-', '-', 'O', 'X', 'X', 'X', 'O']]",drop 4
"[['-', '-', '-', 'O', '-', '-', '-'], ['-', '-', '-', 'X', '-', '-', '-'], ['-', '-', 'O', 'X', 'X', '-', '-'], ['-', '-', 'X', 'X', 'O', '-', '-'], ['-', '-', 'O', 'O', 'X', 'O', '-'], ['-', '-', 'O', 'X', 'X', 'X', 'O']]",drop 5
"[['-', '-', '-', 'O', '-', '-', '-'], ['-', '-', '-', 'X', '-', '-', '-'], ['-', '-', 'O', 'X', 'X', '-', '-'], ['-', '-', 'X', 'X', 'O', 'O', '-'], ['-', '-', 'O', 'O', 'X', 'O', '-'], ['-', '-', 'O', 'X', 'X', 'X', 'O']]",drop 5
"[['-', '-', '-', 'O', '-', '-', '-'], ['-', '-', '-', 'X', '-', '-', '-'], ['-', '-', 'O', 'X', 'X', 'X', '-'], ['-', '-', 'X', 'X', 'O', 'O', '-'], ['-', '-', 'O', 'O', 'X', 'O', '-'], ['-', '-', 'O', 'X', 'X', 'X', 'O']]",drop 6
"[['-', '-', '-', 'O', '-', '-', '-'], ['-', '-', '-', 'X', '-', '-', '-'], ['-', '-', 'O', 'X', 'X', 'X', '-'], ['-', '-', 'X', 'X', 'O', 'O', '-'], ['-', '-', 'O', 'O', 'X', 'O', 'O'], ['-', '-', 'O', 'X', 'X', 'X', 'O']]",drop 6
"[['-', '-', '-', 'O', '-', '-', '-'], ['-', '-', '-', 'X', '-', '-', '-'], ['-', '-', 'O', 'X', 'X', 'X', '-'], ['-', '-', 'X', 'X', 'O', 'O', 'X'], ['-', '-', 'O', 'O', 'X', 'O', 'O'], ['-', '-', 'O', 'X', 'X', 'X', 'O']]",drop 6
"[['-', '-', '-', 'O', '-', '-', '-'], ['-', '-', '-', 'X', '-', '-', '-'], ['-', '-', 'O', 'X', 'X', 'X', 'O'], ['-', '-', 'X', 'X', 'O', 'O', 'X'], ['-', '-', 'O', 'O', 'X', 'O', 'O'], ['-', '-', 'O', 'X', 'X', 'X', 'O']]",drop 5
"[['-', '-', '-', 'O', '-', '-', '-'], ['-', '-', '-', 'X', '-', 'X', '-'], ['-', '-', 'O', 'X', 'X', 'X', 'O'], ['-', '-', 'X', 'X', 'O', 'O', 'X'], ['-', '-', 'O', 'O', 'X', 'O', 'O'], ['-', '-', 'O', 'X', 'X', 'X', 'O']]",drop 5
"[['-', '-', '-', 'O', '-', 'O', '-'], ['-', '-', '-', 'X', '-', 'X', '-'], ['-', '-', 'O', 'X', 'X', 'X', 'O'], ['-', '-', 'X', 'X', 'O', 'O', 'X'], ['-', '-', 'O', 'O', 'X', 'O', 'O'], ['-', '-', 'O', 'X', 'X', 'X', 'O']]",drop 6
"[['-', '-', '-', 'O', '-', 'O', '-'], ['-', '-', '-', 'X', '-', 'X', 'X'], ['-', '-', 'O', 'X', 'X', 'X', 'O'], ['-', '-', 'X', 'X', 'O', 'O', 'X'], ['-', '-', 'O', 'O', 'X', 'O', 'O'], ['-', '-', 'O', 'X', 'X', 'X', 'O']]",drop 4
"[['-', '-', '-', 'O', '-', 'O', '-'], ['-', '-', '-', 'X', 'O', 'X', 'X'], ['-', '-', 'O', 'X', 'X', 'X', 'O'], ['-', '-', 'X', 'X', 'O', 'O', 'X'], ['-', '-', 'O', 'O', 'X', 'O', 'O'], ['-', '-', 'O', 'X', 'X', 'X', 'O']]",drop 6
"[['-', '-', '-', '-', '-', '-', '-'], ['-', '-', '-', '-', '-', '-', '-'], ['-', '-', '-', '-', '-', '-', '-'], ['-', '-', '-', '-', '-', '-', '-'], ['-', '-', '-', '-', '-', '-', '-'], ['-', '-', '-', '-', '-', '-', '-']]",drop 3
"[['-', '-', '-', '-', '-', '-', '-'], ['-', '-', '-', '-', '-', '-', '-'], ['-', '-', '-', '-', '-', '-', '-'], ['-', '-', '-', '-', '-', '-', '-'], ['-', '-', '-', '-', '-', '-', '-'], ['-', '-', '-', 'X', '-', '-', '-']]",drop 3
"[['-', '-', '-', '-', '-', '-', '-'], ['-', '-', '-', '-', '-', '-', '-'], ['-', '-', '-', '-', '-', '-', '-'], ['-', '-', '-', '-', '-', '-', '-'], ['-', '-', '-', 'O', '-', '-', '-'], ['-', '-', '-', 'X', '-', '-', '-']]",drop 3
"[['-', '-', '-', '-', '-', '-', '-'], ['-', '-', '-', '-', '-', '-', '-'], ['-', '-', '-', '-', '-', '-', '-'], ['-', '-', '-', 'X', '-', '-', '-'], ['-', '-', '-', 'O', '-', '-', '-'], ['-', '-', '-', 'X', '-', '-', '-']]",drop 4
"[['-', '-', '-', '-', '-', '-', '-'], ['-', '-', '-', '-', '-', '-', '-'], ['-', '-', '-', '-', '-', '-', '-'], ['-', '-', '-', 'X', '-', '-', '-'], ['-', '-', '-', 'O', '-', '-', '-'], ['-', '-', '-', 'X', 'O', '-', '-']]",drop 4
"[['-', '-', '-', '-', '-', '-', '-'], ['-', '-', '-', '-', '-', '-', '-'], ['-', '-', '-', '-', '-', '-', '-'], ['-', '-', '-', 'X', '-', '-', '-'], ['-', '-', '-', 'O', 'X', '-', '-'], ['-', '-', '-', 'X', 'O', '-', '-']]",drop 2
"[['-', '-', '-', '-', '-', '-', '-'], ['-', '-', '-', '-', '-', '-', '-'], ['-', '-', '-', '-', '-', '-', '-'], ['-', '-', '-', 'X', '-', '-', '-'], ['-', '-', '-', 'O', 'X', '-', '-'], ['-', '-', 'O', 'X', 'O', '-', '-']]",drop 2
"[['-', '-', '-', '-', '-', '-', '-'], ['-', '-', '-', '-', '-', '-', '-'], ['-', '-', '-', '-', '-', '-', '-'], ['-', '-', '-', 'X', '-', '-', '-'], ['-', '-', 'X', 'O', 'X', '-', '-'], ['-', '-', 'O', 'X', 'O', '-', '-']]",drop 2
"[['-', '-', '-', '-', '-', '-', '-'], ['-', '-', '-', '-', '-', '-', '-'], ['-', '-', '-', '-', '-', '-', '-'], ['-', '-', 'O', 'X', '-', '-', '-'], ['-', '-', 'X', 'O', 'X', '-', '-'], ['-', '-', 'O', 'X', 'O', '-', '-']]",drop 2
"[['-', '-', '-', '-', '-', '-', '-'], ['-', '-', '-', '-', '-', '-', '-'], ['-', '-', 'X', '-', '-', '-', '-'], ['-', '-', 'O', 'X', '-', '-', '-'], ['-', '-', 'X', 'O', 'X', '-', '-'], ['-', '-', 'O', 'X', 'O', '-', '-']]",drop 5
"[['-', '-', '-', '-', '-', '-', '-'], ['-', '-', '-', '-', '-', '-', '-'], ['-', '-', 'X', '-', '-', '-', '-'], ['-', '-', 'O', 'X', '-', '-', '-'], ['-', '-', 'X', 'O', 'X', '-', '-'], ['-', '-', 'O', 'X', 'O', 'O', '-']]",drop 5
"[['-', '-', '-', '-', '-', '-', '-'], ['-', '-', '-', '-', '-', '-', '-'], ['-', '-', 'X', '-', '-', '-', '-'], ['-', '-', 'O', 'X', '-', '-', '-'], ['-', '-', 'X', 'O', 'X', 'X', '-'], ['-', '-', 'O', 'X', 'O', 'O', '-']]",pop 4
"[['-', '-', '-', '-', '-', '-', '-'], ['-', '-', '-', '-', '-', '-', '-'], ['-', '-', 'X', '-', '-', '-', '-'], ['-', '-', 'O', 'X', '-', '-', '-'], ['-', '-', 'X', 'O', '-', 'X', '-'], ['-', '-', 'O', 'X', 'X', 'O', '-']]",drop 4
"[['-', '-', '-', '-', '-', '-', '-'], ['-', '-', '-', '-', '-', '-', '-'], ['-', '-', 'X', '-', '-', '-', '-'], ['-', '-', 'O', 'X', '-', '-', '-'], ['-', '-', 'X', 'O', 'X', 'X', '-'], ['-', '-', 'O', 'X', 'X', 'O', '-']]",drop 4
"[['-', '-', '-', '-', '-', '-', '-'], ['-', '-', '-', '-', '-', '-', '-'], ['-', '-', 'X', '-', '-', '-', '-'], ['-', '-', 'O', 'X', 'O', '-', '-'], ['-', '-', 'X', 'O', 'X', 'X', '-'], ['-', '-', 'O', 'X', 'X', 'O', '-']]",pop 3
"[['-', '-', '-', '-', '-', '-', '-'], ['-', '-', '-', '-', '-', '-', '-'], ['-', '-', '-', '-', '-', '-', '-'], ['-', '-', '-', '-', '-', '-', '-'], ['-', '-', '-', '-', '-', '-', '-'], ['-', '-', '-', '-', '-', '-', '-']]",drop 3
"[['-', '-', '-', '-', '-', '-', '-'], ['-', '-', '-', '-', '-', '-', '-'], ['-', '-', '-', '-', '-', '-', '-'], ['-', '-', '-', '-', '-', '-', '-'], ['-', '-', '-', '-', '-', '-', '-'], ['-', '-', '-', 'X', '-', '-', '-']]",drop 3
"[['-', '-', '-', '-', '-', '-', '-'], ['-', '-', '-', '-', '-', '-', '-'], ['-', '-', '-', '-', '-', '-', '-'], ['-', '-', '-', '-', '-', '-', '-'], ['-', '-', '-', 'O', '-', '-', '-'], ['-', '-', '-', 'X', '-', '-', '-']]",drop 3
"[['-', '-', '-', '-', '-', '-', '-'], ['-', '-', '-', '-', '-', '-', '-'], ['-', '-', '-', '-', '-', '-', '-'], ['-', '-', '-', 'X', '-', '-', '-'], ['-', '-', '-', 'O', '-', '-', '-'], ['-', '-', '-', 'X', '-', '-', '-']]",drop 2
"[['-', '-', '-', '-', '-', '-', '-'], ['-', '-', '-', '-', '-', '-', '-'], ['-', '-', '-', '-', '-', '-', '-'], ['-', '-', '-', 'X', '-', '-', '-'], ['-', '-', '-', 'O', '-', '-', '-'], ['-', '-', 'O', 'X', '-', '-', '-']]",drop 2
"[['-', '-', '-', '-', '-', '-', '-'], ['-', '-', '-', '-', '-', '-', '-'], ['-', '-', '-', '-', '-', '-', '-'], ['-', '-', '-', 'X', '-', '-', '-'], ['-', '-', 'X', 'O', '-', '-', '-'], ['-', '-', 'O', 'X', '-', '-', '-']]",drop 4
"[['-', '-', '-', '-', '-', '-', '-'], ['-', '-', '-', '-', '-', '-', '-'], ['-', '-', '-', '-', '-', '-', '-'], ['-', '-', '-', 'X', '-', '-', '-'], ['-', '-', 'X', 'O', '-', '-', '-'], ['-', '-', 'O', 'X', 'O', '-', '-']]",drop 4
"[['-', '-', '-', '-', '-', '-', '-'], ['-', '-', '-', '-', '-', '-', '-'], ['-', '-', '-', '-', '-', '-', '-'], ['-', '-', '-', 'X', '-', '-', '-'], ['-', '-', 'X', 'O', 'X', '-', '-'], ['-', '-', 'O', 'X', 'O', '-', '-']]",drop 3
"[['-', '-', '-', '-', '-', '-', '-'], ['-', '-', '-', '-', '-', '-', '-'], ['-', '-', '-', 'O', '-', '-', '-'], ['-', '-', '-', 'X', '-', '-', '-'], ['-', '-', 'X', 'O', 'X', '-', '-'], ['-', '-', 'O', 'X', 'O', '-', '-']]",drop 5
"[['-', '-', '-', '-', '-', '-', '-'], ['-', '-', '-', '-', '-', '-', '-'], ['-', '-', '-', 'O', '-', '-', '-'], ['-', '-', '-', 'X', '-', '-', '-'], ['-', '-', 'X', 'O', 'X', '-', '-'], ['-', '-', 'O', 'X', 'O', 'X', '-']]",drop 5
"[['-', '-', '-', '-', '-', '-', '-'], ['-', '-', '-', '-', '-', '-', '-'], ['-', '-', '-', 'O', '-', '-', '-'], ['-', '-', '-', 'X', '-', '-', '-'], ['-', '-', 'X', 'O', 'X', 'O', '-'], ['-', '-', 'O', 'X', 'O', 'X', '-']]",drop 2
"[['-', '-', '-', '-', '-', '-', '-'], ['-', '-', '-', '-', '-', '-', '-'], ['-', '-', '-', 'O', '-', '-', '-'], ['-', '-', 'X', 'X', '-', '-', '-'], ['-', '-', 'X', 'O', 'X', 'O', '-'], ['-', '-', 'O', 'X', 'O', 'X', '-']]",drop 2
"[['-', '-', '-', '-', '-', '-', '-'], ['-', '-', '-', '-', '-', '-', '-'], ['-', '-', 'O', 'O', '-', '-', '-'], ['-', '-', 'X', 'X', '-', '-', '-'], ['-', '-', 'X', 'O', 'X', 'O', '-'], ['-', '-', 'O', 'X', 'O', 'X', '-']]",drop 4
"[['-', '-', '-', '-', '-', '-', '-'], ['-', '-', '-', '-', '-', '-', '-'], ['-', '-', 'O', 'O', '-', '-', '-'], ['-', '-', 'X', 'X', 'X', '-', '-'], ['-', '-', 'X', 'O', 'X', 'O', '-'], ['-', '-', 'O', 'X', 'O', 'X', '-']]",drop 5
"[['-', '-', '-', '-', '-', '-', '-'], ['-', '-', '-', '-', '-', '-', '-'], ['-', '-', 'O', 'O', '-', '-', '-'], ['-', '-', 'X', 'X', 'X', 'O', '-'], ['-', '-', 'X', 'O', 'X', 'O', '-'], ['-', '-', 'O', 'X', 'O', 'X', '-']]",drop 4
"[['-', '-', '-', '-', '-', '-', '-'], ['-', '-', '-', '-', '-', '-', '-'], ['-', '-', 'O', 'O', 'X', '-', '-'], ['-', '-', 'X', 'X', 'X', 'O', '-'], ['-', '-', 'X', 'O', 'X', 'O', '-'], ['-', '-', 'O', 'X', 'O', 'X', '-']]",drop 4
"[['-', '-', '-', '-', '-', '-', '-'], ['-', '-', '-', '-', 'O', '-', '-'], ['-', '-', 'O', 'O', 'X', '-', '-'], ['-', '-', 'X', 'X', 'X', 'O', '-'], ['-', '-', 'X', 'O', 'X', 'O', '-'], ['-', '-', 'O', 'X', 'O', 'X', '-']]",drop 1
"[['-', '-', '-', '-', '-', '-', '-'], ['-', '-', '-', '-', '-', '-', '-'], ['-', '-', '-', '-', '-', '-', '-'], ['-', '-', '-', '-', '-', '-', '-'], ['-', '-', '-', '-', '-', '-', '-'], ['-', '-', '-', '-', '-', '-', '-']]",drop 3
"[['-', '-', '-', '-', '-', '-', '-'], ['-', '-', '-', '-', '-', '-', '-'], ['-', '-', '-', '-', '-', '-', '-'], ['-', '-', '-', '-', '-', '-', '-'], ['-', '-', '-', '-', '-', '-', '-'], ['-', '-', '-', 'X', '-', '-', '-']]",drop 3
"[['-', '-', '-', '-', '-', '-', '-'], ['-', '-', '-', '-', '-', '-', '-'], ['-', '-', '-', '-', '-', '-', '-'], ['-', '-', '-', '-', '-', '-', '-'], ['-', '-', '-', 'O', '-', '-', '-'], ['-', '-', '-', 'X', '-', '-', '-']]",drop 3
"[['-', '-', '-', '-', '-', '-', '-'], ['-', '-', '-', '-', '-', '-', '-'], ['-', '-', '-', '-', '-', '-', '-'], ['-', '-', '-', 'X', '-', '-', '-'], ['-', '-', '-', 'O', '-', '-', '-'], ['-', '-', '-', 'X', '-', '-', '-']]",drop 4
"[['-', '-', '-', '-', '-', '-', '-'], ['-', '-', '-', '-', '-', '-', '-'], ['-', '-', '-', '-', '-', '-', '-'], ['-', '-', '-', 'X', '-', '-', '-'], ['-', '-', '-', 'O', '-', '-', '-'], ['-', '-', '-', 'X', 'O', '-', '-']]",drop 4
"[['-', '-', '-', '-', '-', '-', '-'], ['-', '-', '-', '-', '-', '-', '-'], ['-', '-', '-', '-', '-', '-', '-'], ['-', '-', '-', 'X', '-', '-', '-'], ['-', '-', '-', 'O', 'X', '-', '-'], ['-', '-', '-', 'X', 'O', '-', '-']]",drop 3
"[['-', '-', '-', '-', '-', '-', '-'], ['-', '-', '-', '-', '-', '-', '-'], ['-', '-', '-', 'O', '-', '-', '-'], ['-', '-', '-', 'X', '-', '-', '-'], ['-', '-', '-', 'O', 'X', '-', '-'], ['-', '-', '-', 'X', 'O', '-', '-']]",drop 2
"[['-', '-', '-', '-', '-', '-', '-'], ['-', '-', '-', '-', '-', '-', '-'], ['-', '-', '-', 'O', '-', '-', '-'], ['-', '-', '-', 'X', '-', '-', '-'], ['-', '-', '-', 'O', 'X', '-', '-'], ['-', '-', 'X', 'X', 'O', '-', '-']]",drop 2
"[['-', '-', '-', '-', '-', '-', '-'], ['-', '-', '-', '-', '-', '-', '-'], ['-', '-', '-', 'O', '-', '-', '-'], ['-', '-', '-', 'X', '-', '-', '-'], ['-', '-', 'O', 'O', 'X', '-', '-'], ['-', '-', 'X', 'X', 'O', '-', '-']]",drop 1
"[['-', '-', '-', '-', '-', '-', '-'], ['-', '-', '-', '-', '-', '-', '-'], ['-', '-', '-', 'O', '-', '-', '-'], ['-', '-', '-', 'X', '-', '-', '-'], ['-', '-', 'O', 'O', 'X', '-', '-'], ['-', 'X', 'X', 'X', 'O', '-', '-']]",drop 0
"[['-', '-', '-', '-', '-', '-', '-'], ['-', '-', '-', '-', '-', '-', '-'], ['-', '-', '-', 'O', '-', '-', '-'], ['-', '-', '-', 'X', '-', '-', '-'], ['-', '-', 'O', 'O', 'X', '-', '-'], ['O', 'X', 'X', 'X', 'O', '-', '-']]",drop 1
"[['-', '-', '-', '-', '-', '-', '-'], ['-', '-', '-', '-', '-', '-', '-'], ['-', '-', '-', 'O', '-', '-', '-'], ['-', '-', '-', 'X', '-', '-', '-'], ['-', 'X', 'O', 'O', 'X', '-', '-'], ['O', 'X', 'X', 'X', 'O', '-', '-']]",drop 1
"[['-', '-', '-', '-', '-', '-', '-'], ['-', '-', '-', '-', '-', '-', '-'], ['-', '-', '-', 'O', '-', '-', '-'], ['-', 'O', '-', 'X', '-', '-', '-'], ['-', 'X', 'O', 'O', 'X', '-', '-'], ['O', 'X', 'X', 'X', 'O', '-', '-']]",drop 2
"[['-', '-', '-', '-', '-', '-', '-'], ['-', '-', '-', '-', '-', '-', '-'], ['-', '-', '-', 'O', '-', '-', '-'], ['-', 'O', 'X', 'X', '-', '-', '-'], ['-', 'X', 'O', 'O', 'X', '-', '-'], ['O', 'X', 'X', 'X', 'O', '-', '-']]",drop 2
"[['-', '-', '-', '-', '-', '-', '-'], ['-', '-', '-', '-', '-', '-', '-'], ['-', '-', 'O', 'O', '-', '-', '-'], ['-', 'O', 'X', 'X', '-', '-', '-'], ['-', 'X', 'O', 'O', 'X', '-', '-'], ['O', 'X', 'X', 'X', 'O', '-', '-']]",drop 0
"[['-', '-', '-', '-', '-', '-', '-'], ['-', '-', '-', '-', '-', '-', '-'], ['-', '-', 'O', 'O', '-', '-', '-'], ['-', 'O', 'X', 'X', '-', '-', '-'], ['X', 'X', 'O', 'O', 'X', '-', '-'], ['O', 'X', 'X', 'X', 'O', '-', '-']]",drop 1
"[['-', '-', '-', '-', '-', '-', '-'], ['-', '-', '-', '-', '-', '-', '-'], ['-', 'O', 'O', 'O', '-', '-', '-'], ['-', 'O', 'X', 'X', '-', '-', '-'], ['X', 'X', 'O', 'O', 'X', '-', '-'], ['O', 'X', 'X', 'X', 'O', '-', '-']]",pop 3
"[['-', '-', '-', '-', '-', '-', '-'], ['-', '-', '-', '-', '-', '-', '-'], ['-', 'O', 'O', '-', '-', '-', '-'], ['-', 'O', 'X', 'O', '-', '-', '-'], ['X', 'X', 'O', 'X', 'X', '-', '-'], ['O', 'X', 'X', 'O', 'O', '-', '-']]",pop 3
"[['-', '-', '-', '-', '-', '-', '-'], ['-', '-', '-', '-', '-', '-', '-'], ['-', 'O', 'O', '-', '-', '-', '-'], ['-', 'O', 'X', '-', '-', '-', '-'], ['X', 'X', 'O', 'O', 'X', '-', '-'], ['O', 'X', 'X', 'X', 'O', '-', '-']]",drop 4
"[['-', '-', '-', '-', '-', '-', '-'], ['-', '-', '-', '-', '-', '-', '-'], ['-', 'O', 'O', '-', '-', '-', '-'], ['-', 'O', 'X', '-', 'X', '-', '-'], ['X', 'X', 'O', 'O', 'X', '-', '-'], ['O', 'X', 'X', 'X', 'O', '-', '-']]",drop 1
"[['-', '-', '-', '-', '-', '-', '-'], ['-', 'O', '-', '-', '-', '-', '-'], ['-', 'O', 'O', '-', '-', '-', '-'], ['-', 'O', 'X', '-', 'X', '-', '-'], ['X', 'X', 'O', 'O', 'X', '-', '-'], ['O', 'X', 'X', 'X', 'O', '-', '-']]",drop 1
"[['-', 'X', '-', '-', '-', '-', '-'], ['-', 'O', '-', '-', '-', '-', '-'], ['-', 'O', 'O', '-', '-', '-', '-'], ['-', 'O', 'X', '-', 'X', '-', '-'], ['X', 'X', 'O', 'O', 'X', '-', '-'], ['O', 'X', 'X', 'X', 'O', '-', '-']]",drop 4
"[['-', 'X', '-', '-', '-', '-', '-'], ['-', 'O', '-', '-', '-', '-', '-'], ['-', 'O', 'O', '-', 'O', '-', '-'], ['-', 'O', 'X', '-', 'X', '-', '-'], ['X', 'X', 'O', 'O', 'X', '-', '-'], ['O', 'X', 'X', 'X', 'O', '-', '-']]",drop 2
"[['-', 'X', '-', '-', '-', '-', '-'], ['-', 'O', 'X', '-', '-', '-', '-'], ['-', 'O', 'O', '-', 'O', '-', '-'], ['-', 'O', 'X', '-', 'X', '-', '-'], ['X', 'X', 'O', 'O', 'X', '-', '-'], ['O', 'X', 'X', 'X', 'O', '-', '-']]",drop 5
"[['-', 'X', '-', '-', '-', '-', '-'], ['-', 'O', 'X', '-', '-', '-', '-'], ['-', 'O', 'O', '-', 'O', '-', '-'], ['-', 'O', 'X', '-', 'X', '-', '-'], ['X', 'X', 'O', 'O', 'X', '-', '-'], ['O', 'X', 'X', 'X', 'O', 'O', '-']]",drop 5
"[['-', 'X', '-', '-', '-', '-', '-'], ['-', 'O', 'X', '-', '-', '-', '-'], ['-', 'O', 'O', '-', 'O', '-', '-'], ['-', 'O', 'X', '-', 'X', '-', '-'], ['X', 'X', 'O', 'O', 'X', 'X', '-'], ['O', 'X', 'X', 'X', 'O', 'O', '-']]",drop 5
"[['-', 'X', '-', '-', '-', '-', '-'], ['-', 'O', 'X', '-', '-', '-', '-'], ['-', 'O', 'O', '-', 'O', '-', '-'], ['-', 'O', 'X', '-', 'X', 'O', '-'], ['X', 'X', 'O', 'O', 'X', 'X', '-'], ['O', 'X', 'X', 'X', 'O', 'O', '-']]",drop 0
"[['-', 'X', '-', '-', '-', '-', '-'], ['-', 'O', 'X', '-', '-', '-', '-'], ['-', 'O', 'O', '-', 'O', '-', '-'], ['X', 'O', 'X', '-', 'X', 'O', '-'], ['X', 'X', 'O', 'O', 'X', 'X', '-'], ['O', 'X', 'X', 'X', 'O', 'O', '-']]",drop 0
"[['-', 'X', '-', '-', '-', '-', '-'], ['-', 'O', 'X', '-', '-', '-', '-'], ['O', 'O', 'O', '-', 'O', '-', '-'], ['X', 'O', 'X', '-', 'X', 'O', '-'], ['X', 'X', 'O', 'O', 'X', 'X', '-'], ['O', 'X', 'X', 'X', 'O', 'O', '-']]",drop 6
"[['-', 'X', '-', '-', '-', '-', '-'], ['-', 'O', 'X', '-', '-', '-', '-'], ['O', 'O', 'O', '-', 'O', '-', '-'], ['X', 'O', 'X', '-', 'X', 'O', '-'], ['X', 'X', 'O', 'O', 'X', 'X', '-'], ['O', 'X', 'X', 'X', 'O', 'O', 'X']]",drop 0
"[['-', 'X', '-', '-', '-', '-', '-'], ['O', 'O', 'X', '-', '-', '-', '-'], ['O', 'O', 'O', '-', 'O', '-', '-'], ['X', 'O', 'X', '-', 'X', 'O', '-'], ['X', 'X', 'O', 'O', 'X', 'X', '-'], ['O', 'X', 'X', 'X', 'O', 'O', 'X']]",drop 5
"[['-', 'X', '-', '-', '-', '-', '-'], ['O', 'O', 'X', '-', '-', '-', '-'], ['O', 'O', 'O', '-', 'O', 'X', '-'], ['X', 'O', 'X', '-', 'X', 'O', '-'], ['X', 'X', 'O', 'O', 'X', 'X', '-'], ['O', 'X', 'X', 'X', 'O', 'O', 'X']]",drop 5
"[['-', 'X', '-', '-', '-', '-', '-'], ['O', 'O', 'X', '-', '-', 'O', '-'], ['O', 'O', 'O', '-', 'O', 'X', '-'], ['X', 'O', 'X', '-', 'X', 'O', '-'], ['X', 'X', 'O', 'O', 'X', 'X', '-'], ['O', 'X', 'X', 'X', 'O', 'O', 'X']]",pop 1
"[['-', '-', '-', '-', '-', '-', '-'], ['O', 'X', 'X', '-', '-', 'O', '-'], ['O', 'O', 'O', '-', 'O', 'X', '-'], ['X', 'O', 'X', '-', 'X', 'O', '-'], ['X', 'O', 'O', 'O', 'X', 'X', '-'], ['O', 'X', 'X', 'X', 'O', 'O', 'X']]",drop 3
"[['-', '-', '-', '-', '-', '-', '-'], ['-', '-', '-', '-', '-', '-', '-'], ['-', '-', '-', '-', '-', '-', '-'], ['-', '-', '-', '-', '-', '-', '-'], ['-', '-', '-', '-', '-', '-', '-'], ['-', '-', '-', '-', '-', '-', '-']]",drop 3
"[['-', '-', '-', '-', '-', '-', '-'], ['-', '-', '-', '-', '-', '-', '-'], ['-', '-', '-', '-', '-', '-', '-'], ['-', '-', '-', '-', '-', '-', '-'], ['-', '-', '-', '-', '-', '-', '-'], ['-', '-', '-', 'X', '-', '-', '-']]",drop 3
"[['-', '-', '-', '-', '-', '-', '-'], ['-', '-', '-', '-', '-', '-', '-'], ['-', '-', '-', '-', '-', '-', '-'], ['-', '-', '-', '-', '-', '-', '-'], ['-', '-', '-', 'O', '-', '-', '-'], ['-', '-', '-', 'X', '-', '-', '-']]",drop 3
"[['-', '-', '-', '-', '-', '-', '-'], ['-', '-', '-', '-', '-', '-', '-'], ['-', '-', '-', '-', '-', '-', '-'], ['-', '-', '-', 'X', '-', '-', '-'], ['-', '-', '-', 'O', '-', '-', '-'], ['-', '-', '-', 'X', '-', '-', '-']]",drop 3
"[['-', '-', '-', '-', '-', '-', '-'], ['-', '-', '-', '-', '-', '-', '-'], ['-', '-', '-', 'O', '-', '-', '-'], ['-', '-', '-', 'X', '-', '-', '-'], ['-', '-', '-', 'O', '-', '-', '-'], ['-', '-', '-', 'X', '-', '-', '-']]",drop 4
"[['-', '-', '-', '-', '-', '-', '-'], ['-', '-', '-', '-', '-', '-', '-'], ['-', '-', '-', 'O', '-', '-', '-'], ['-', '-', '-', 'X', '-', '-', '-'], ['-', '-', '-', 'O', '-', '-', '-'], ['-', '-', '-', 'X', 'X', '-', '-']]",drop 5
"[['-', '-', '-', '-', '-', '-', '-'], ['-', '-', '-', '-', '-', '-', '-'], ['-', '-', '-', 'O', '-', '-', '-'], ['-', '-', '-', 'X', '-', '-', '-'], ['-', '-', '-', 'O', '-', '-', '-'], ['-', '-', '-', 'X', 'X', 'O', '-']]",drop 2
"[['-', '-', '-', '-', '-', '-', '-'], ['-', '-', '-', '-', '-', '-', '-'], ['-', '-', '-', 'O', '-', '-', '-'], ['-', '-', '-', 'X', '-', '-', '-'], ['-', '-', '-', 'O', '-', '-', '-'], ['-', '-', 'X', 'X', 'X', 'O', '-']]",drop 1
"[['-', '-', '-', '-', '-', '-', '-'], ['-', '-', '-', '-', '-', '-', '-'], ['-', '-', '-', 'O', '-', '-', '-'], ['-', '-', '-', 'X', '-', '-', '-'], ['-', '-', '-', 'O', '-', '-', '-'], ['-', 'O', 'X', 'X', 'X', 'O', '-']]",drop 1
"[['-', '-', '-', '-', '-', '-', '-'], ['-', '-', '-', '-', '-', '-', '-'], ['-', '-', '-', 'O', '-', '-', '-'], ['-', '-', '-', 'X', '-', '-', '-'], ['-', 'X', '-', 'O', '-', '-', '-'], ['-', 'O', 'X', 'X', 'X', 'O', '-']]",drop 2
"[['-', '-', '-', '-', '-', '-', '-'], ['-', '-', '-', '-', '-', '-', '-'], ['-', '-', '-', 'O', '-', '-', '-'], ['-', '-', '-', 'X', '-', '-', '-'], ['-', 'X', 'O', 'O', '-', '-', '-'], ['-', 'O', 'X', 'X', 'X', 'O', '-']]",drop 4
"[['-', '-', '-', '-', '-', '-', '-'], ['-', '-', '-', '-', '-', '-', '-'], ['-', '-', '-', 'O', '-', '-', '-'], ['-', '-', '-', 'X', '-', '-', '-'], ['-', 'X', 'O', 'O', 'X', '-', '-'], ['-', 'O', 'X', 'X', 'X', 'O', '-']]",drop 5
"[['-', '-', '-', '-', '-', '-', '-'], ['-', '-', '-', '-', '-', '-', '-'], ['-', '-', '-', 'O', '-', '-', '-'], ['-', '-', '-', 'X', '-', '-', '-'], ['-', 'X', 'O', 'O', 'X', 'O', '-'], ['-', 'O', 'X', 'X', 'X', 'O', '-']]",drop 4
"[['-', '-', '-', '-', '-', '-', '-'], ['-', '-', '-', '-', '-', '-', '-'], ['-', '-', '-', 'O', '-', '-', '-'], ['-', '-', '-', 'X', 'X', '-', '-'], ['-', 'X', 'O', 'O', 'X', 'O', '-'], ['-', 'O', 'X', 'X', 'X', 'O', '-']]",drop 4
"[['-', '-', '-', '-', '-', '-', '-'], ['-', '-', '-', '-', '-', '-', '-'], ['-', '-', '-', 'O', 'O', '-', '-'], ['-', '-', '-', 'X', 'X', '-', '-'], ['-', 'X', 'O', 'O', 'X', 'O', '-'], ['-', 'O', 'X', 'X', 'X', 'O', '-']]",drop 2
"[['-', '-', '-', '-', '-', '-', '-'], ['-', '-', '-', '-', '-', '-', '-'], ['-', '-', '-', 'O', 'O', '-', '-'], ['-', '-', 'X', 'X', 'X', '-', '-'], ['-', 'X', 'O', 'O', 'X', 'O', '-'], ['-', 'O', 'X', 'X', 'X', 'O', '-']]",drop 1
"[['-', '-', '-', '-', '-', '-', '-'], ['-', '-', '-', '-', '-', '-', '-'], ['-', '-', '-', 'O', 'O', '-', '-'], ['-', 'O', 'X', 'X', 'X', '-', '-'], ['-', 'X', 'O', 'O', 'X', 'O', '-'], ['-', 'O', 'X', 'X', 'X', 'O', '-']]",drop 5
"[['-', '-', '-', '-', '-', '-', '-'], ['-', '-', '-', '-', '-', '-', '-'], ['-', '-', '-', '-', '-', '-', '-'], ['-', '-', '-', '-', '-', '-', '-'], ['-', '-', '-', '-', '-', '-', '-'], ['-', '-', '-', '-', '-', '-', '-']]",drop 3
"[['-', '-', '-', '-', '-', '-', '-'], ['-', '-', '-', '-', '-', '-', '-'], ['-', '-', '-', '-', '-', '-', '-'], ['-', '-', '-', '-', '-', '-', '-'], ['-', '-', '-', '-', '-', '-', '-'], ['-', '-', '-', 'X', '-', '-', '-']]",drop 3
"[['-', '-', '-', '-', '-', '-', '-'], ['-', '-', '-', '-', '-', '-', '-'], ['-', '-', '-', '-', '-', '-', '-'], ['-', '-', '-', '-', '-', '-', '-'], ['-', '-', '-', 'O', '-', '-', '-'], ['-', '-', '-', 'X', '-', '-', '-']]",drop 3
"[['-', '-', '-', '-', '-', '-', '-'], ['-', '-', '-', '-', '-', '-', '-'], ['-', '-', '-', '-', '-', '-', '-'], ['-', '-', '-', 'X', '-', '-', '-'], ['-', '-', '-', 'O', '-', '-', '-'], ['-', '-', '-', 'X', '-', '-', '-']]",drop 3
"[['-', '-', '-', '-', '-', '-', '-'], ['-', '-', '-', '-', '-', '-', '-'], ['-', '-', '-', 'O', '-', '-', '-'], ['-', '-', '-', 'X', '-', '-', '-'], ['-', '-', '-', 'O', '-', '-', '-'], ['-', '-', '-', 'X', '-', '-', '-']]",drop 5
"[['-', '-', '-', '-', '-', '-', '-'], ['-', '-', '-', '-', '-', '-', '-'], ['-', '-', '-', 'O', '-', '-', '-'], ['-', '-', '-', 'X', '-', '-', '-'], ['-', '-', '-', 'O', '-', '-', '-'], ['-', '-', '-', 'X', '-', 'X', '-']]",drop 4
"[['-', '-', '-', '-', '-', '-', '-'], ['-', '-', '-', '-', '-', '-', '-'], ['-', '-', '-', 'O', '-', '-', '-'], ['-', '-', '-', 'X', '-', '-', '-'], ['-', '-', '-', 'O', '-', '-', '-'], ['-', '-', '-', 'X', 'O', 'X', '-']]",drop 4
"[['-', '-', '-', '-', '-', '-', '-'], ['-', '-', '-', '-', '-', '-', '-'], ['-', '-', '-', 'O', '-', '-', '-'], ['-', '-', '-', 'X', '-', '-', '-'], ['-', '-', '-', 'O', 'X', '-', '-'], ['-', '-', '-', 'X', 'O', 'X', '-']]",drop 4
"[['-', '-', '-', '-', '-', '-', '-'], ['-', '-', '-', '-', '-', '-', '-'], ['-', '-', '-', 'O', '-', '-', '-'], ['-', '-', '-', 'X', 'O', '-', '-'], ['-', '-', '-', 'O', 'X', '-', '-'], ['-', '-', '-', 'X', 'O', 'X', '-']]",drop 5
"[['-', '-', '-', '-', '-', '-', '-'], ['-', '-', '-', '-', '-', '-', '-'], ['-', '-', '-', 'O', '-', '-', '-'], ['-', '-', '-', 'X', 'O', '-', '-'], ['-', '-', '-', 'O', 'X', 'X', '-'], ['-', '-', '-', 'X', 'O', 'X', '-']]",drop 5
"[['-', '-', '-', '-', '-', '-', '-'], ['-', '-', '-', '-', '-', '-', '-'], ['-', '-', '-', 'O', '-', '-', '-'], ['-', '-', '-', 'X', 'O', 'O', '-'], ['-', '-', '-', 'O', 'X', 'X', '-'], ['-', '-', '-', 'X', 'O', 'X', '-']]",drop 2
"[['-', '-', '-', '-', '-', '-', '-'], ['-', '-', '-', '-', '-', '-', '-'], ['-', '-', '-', 'O', '-', '-', '-'], ['-', '-', '-', 'X', 'O', 'O', '-'], ['-', '-', '-', 'O', 'X', 'X', '-'], ['-', '-', 'X', 'X', 'O', 'X', '-']]",drop 2
"[['-', '-', '-', '-', '-', '-', '-'], ['-', '-', '-', '-', '-', '-', '-'], ['-', '-', '-', 'O', '-', '-', '-'], ['-', '-', '-', 'X', 'O', 'O', '-'], ['-', '-', 'O', 'O', 'X', 'X', '-'], ['-', '-', 'X', 'X', 'O', 'X', '-']]",drop 2
"[['-', '-', '-', '-', '-', '-', '-'], ['-', '-', '-', '-', '-', '-', '-'], ['-', '-', '-', 'O', '-', '-', '-'], ['-', '-', 'X', 'X', 'O', 'O', '-'], ['-', '-', 'O', 'O', 'X', 'X', '-'], ['-', '-', 'X', 'X', 'O', 'X', '-']]",drop 2
"[['-', '-', '-', '-', '-', '-', '-'], ['-', '-', '-', '-', '-', '-', '-'], ['-', '-', 'O', 'O', '-', '-', '-'], ['-', '-', 'X', 'X', 'O', 'O', '-'], ['-', '-', 'O', 'O', 'X', 'X', '-'], ['-', '-', 'X', 'X', 'O', 'X', '-']]",drop 2
"[['-', '-', '-', '-', '-', '-', '-'], ['-', '-', 'X', '-', '-', '-', '-'], ['-', '-', 'O', 'O', '-', '-', '-'], ['-', '-', 'X', 'X', 'O', 'O', '-'], ['-', '-', 'O', 'O', 'X', 'X', '-'], ['-', '-', 'X', 'X', 'O', 'X', '-']]",drop 5
"[['-', '-', '-', '-', '-', '-', '-'], ['-', '-', 'X', '-', '-', '-', '-'], ['-', '-', 'O', 'O', '-', 'O', '-'], ['-', '-', 'X', 'X', 'O', 'O', '-'], ['-', '-', 'O', 'O', 'X', 'X', '-'], ['-', '-', 'X', 'X', 'O', 'X', '-']]",pop 2
"[['-', '-', '-', '-', '-', '-', '-'], ['-', '-', '-', '-', '-', '-', '-'], ['-', '-', '-', '-', '-', '-', '-'], ['-', '-', '-', '-', '-', '-', '-'], ['-', '-', '-', '-', '-', '-', '-'], ['-', '-', '-', '-', '-', '-', '-']]",drop 3
"[['-', '-', '-', '-', '-', '-', '-'], ['-', '-', '-', '-', '-', '-', '-'], ['-', '-', '-', '-', '-', '-', '-'], ['-', '-', '-', '-', '-', '-', '-'], ['-', '-', '-', '-', '-', '-', '-'], ['-', '-', '-', 'X', '-', '-', '-']]",drop 3
"[['-', '-', '-', '-', '-', '-', '-'], ['-', '-', '-', '-', '-', '-', '-'], ['-', '-', '-', '-', '-', '-', '-'], ['-', '-', '-', '-', '-', '-', '-'], ['-', '-', '-', 'O', '-', '-', '-'], ['-', '-', '-', 'X', '-', '-', '-']]",drop 3
"[['-', '-', '-', '-', '-', '-', '-'], ['-', '-', '-', '-', '-', '-', '-'], ['-', '-', '-', '-', '-', '-', '-'], ['-', '-', '-', 'X', '-', '-', '-'], ['-', '-', '-', 'O', '-', '-', '-'], ['-', '-', '-', 'X', '-', '-', '-']]",drop 1
"[['-', '-', '-', '-', '-', '-', '-'], ['-', '-', '-', '-', '-', '-', '-'], ['-', '-', '-', '-', '-', '-', '-'], ['-', '-', '-', 'X', '-', '-', '-'], ['-', '-', '-', 'O', '-', '-', '-'], ['-', 'O', '-', 'X', '-', '-', '-']]",drop 4
"[['-', '-', '-', '-', '-', '-', '-'], ['-', '-', '-', '-', '-', '-', '-'], ['-', '-', '-', '-', '-', '-', '-'], ['-', '-', '-', 'X', '-', '-', '-'], ['-', '-', '-', 'O', '-', '-', '-'], ['-', 'O', '-', 'X', 'X', '-', '-']]",drop 4
"[['-', '-', '-', '-', '-', '-', '-'], ['-', '-', '-', '-', '-', '-', '-'], ['-', '-', '-', '-', '-', '-', '-'], ['-', '-', '-', 'X', '-', '-', '-'], ['-', '-', '-', 'O', 'O', '-', '-'], ['-', 'O', '-', 'X', 'X', '-', '-']]",drop 5
"[['-', '-', '-', '-', '-', '-', '-'], ['-', '-', '-', '-', '-', '-', '-'], ['-', '-', '-', '-', '-', '-', '-'], ['-', '-', '-', 'X', '-', '-', '-'], ['-', '-', '-', 'O', 'O', '-', '-'], ['-', 'O', '-', 'X', 'X', 'X', '-']]",drop 2
"[['-', '-', '-', '-', '-', '-', '-'], ['-', '-', '-', '-', '-', '-', '-'], ['-', '-', '-', '-', '-', '-', '-'], ['-', '-', '-', 'X', '-', '-', '-'], ['-', '-', '-', 'O', 'O', '-', '-'], ['-', 'O', 'O', 'X', 'X', 'X', '-']]",drop 6
"[['-', '-', '-', '-', '-', '-', '-'], ['-', '-', '-', '-', '-', '-', '-'], ['-', '-', '-', '-', '-', '-', '-'], ['-', '-', '-', '-', '-', '-', '-'], ['-', '-', '-', '-', '-', '-', '-'], ['-', '-', '-', '-', '-', '-', '-']]",drop 3
"[['-', '-', '-', '-', '-', '-', '-'], ['-', '-', '-', '-', '-', '-', '-'], ['-', '-', '-', '-', '-', '-', '-'], ['-', '-', '-', '-', '-', '-', '-'], ['-', '-', '-', '-', '-', '-', '-'], ['-', '-', '-', 'X', '-', '-', '-']]",drop 3
"[['-', '-', '-', '-', '-', '-', '-'], ['-', '-', '-', '-', '-', '-', '-'], ['-', '-', '-', '-', '-', '-', '-'], ['-', '-', '-', '-', '-', '-', '-'], ['-', '-', '-', 'O', '-', '-', '-'], ['-', '-', '-', 'X', '-', '-', '-']]",drop 2
"[['-', '-', '-', '-', '-', '-', '-'], ['-', '-', '-', '-', '-', '-', '-'], ['-', '-', '-', '-', '-', '-', '-'], ['-', '-', '-', '-', '-', '-', '-'], ['-', '-', '-', 'O', '-', '-', '-'], ['-', '-', 'X', 'X', '-', '-', '-']]",drop 3
"[['-', '-', '-', '-', '-', '-', '-'], ['-', '-', '-', '-', '-', '-', '-'], ['-', '-', '-', '-', '-', '-', '-'], ['-', '-', '-', 'O', '-', '-', '-'], ['-', '-', '-', 'O', '-', '-', '-'], ['-', '-', 'X', 'X', '-', '-', '-']]",drop 4
"[['-', '-', '-', '-', '-', '-', '-'], ['-', '-', '-', '-', '-', '-', '-'], ['-', '-', '-', '-', '-', '-', '-'], ['-', '-', '-', 'O', '-', '-', '-'], ['-', '-', '-', 'O', '-', '-', '-'], ['-', '-', 'X', 'X', 'X', '-', '-']]",drop 5
"[['-', '-', '-', '-', '-', '-', '-'], ['-', '-', '-', '-', '-', '-', '-'], ['-', '-', '-', '-', '-', '-', '-'], ['-', '-', '-', 'O', '-', '-', '-'], ['-', '-', '-', 'O', '-', '-', '-'], ['-', '-', 'X', 'X', 'X', 'O', '-']]",drop 1
"[['-', '-', '-', '-', '-', '-', '-'], ['-', '-', '-', '-', '-', '-', '-'], ['-', '-', '-', '-', '-', '-', '-'], ['-', '-', '-', '-', '-', '-', '-'], ['-', '-', '-', '-', '-', '-', '-'], ['-', '-', '-', '-', '-', '-', '-']]",drop 3
"[['-', '-', '-', '-', '-', '-', '-'], ['-', '-', '-', '-', '-', '-', '-'], ['-', '-', '-', '-', '-', '-', '-'], ['-', '-', '-', '-', '-', '-', '-'], ['-', '-', '-', '-', '-', '-', '-'], ['-', '-', '-', 'X', '-', '-', '-']]",drop 3
"[['-', '-', '-', '-', '-', '-', '-'], ['-', '-', '-', '-', '-', '-', '-'], ['-', '-', '-', '-', '-', '-', '-'], ['-', '-', '-', '-', '-', '-', '-'], ['-', '-', '-', 'O', '-', '-', '-'], ['-', '-', '-', 'X', '-', '-', '-']]",drop 4
"[['-', '-', '-', '-', '-', '-', '-'], ['-', '-', '-', '-', '-', '-', '-'], ['-', '-', '-', '-', '-', '-', '-'], ['-', '-', '-', '-', '-', '-', '-'], ['-', '-', '-', 'O', '-', '-', '-'], ['-', '-', '-', 'X', 'X', '-', '-']]",drop 3
"[['-', '-', '-', '-', '-', '-', '-'], ['-', '-', '-', '-', '-', '-', '-'], ['-', '-', '-', '-', '-', '-', '-'], ['-', '-', '-', 'O', '-', '-', '-'], ['-', '-', '-', 'O', '-', '-', '-'], ['-', '-', '-', 'X', 'X', '-', '-']]",drop 5
"[['-', '-', '-', '-', '-', '-', '-'], ['-', '-', '-', '-', '-', '-', '-'], ['-', '-', '-', '-', '-', '-', '-'], ['-', '-', '-', 'O', '-', '-', '-'], ['-', '-', '-', 'O', '-', '-', '-'], ['-', '-', '-', 'X', 'X', 'X', '-']]",drop 2
"[['-', '-', '-', '-', '-', '-', '-'], ['-', '-', '-', '-', '-', '-', '-'], ['-', '-', '-', '-', '-', '-', '-'], ['-', '-', '-', 'O', '-', '-', '-'], ['-', '-', '-', 'O', '-', '-', '-'], ['-', '-', 'O', 'X', 'X', 'X', '-']]",drop 6
"[['-', '-', '-', '-', '-', '-', '-'], ['-', '-', '-', '-', '-', '-', '-'], ['-', '-', '-', '-', '-', '-', '-'], ['-', '-', '-', '-', '-', '-', '-'], ['-', '-', '-', '-', '-', '-', '-'], ['-', '-', '-', '-', '-', '-', '-']]",drop 3
"[['-', '-', '-', '-', '-', '-', '-'], ['-', '-', '-', '-', '-', '-', '-'], ['-', '-', '-', '-', '-', '-', '-'], ['-', '-', '-', '-', '-', '-', '-'], ['-', '-', '-', '-', '-', '-', '-'], ['-', '-', '-', 'X', '-', '-', '-']]",drop 3
"[['-', '-', '-', '-', '-', '-', '-'], ['-', '-', '-', '-', '-', '-', '-'], ['-', '-', '-', '-', '-', '-', '-'], ['-', '-', '-', '-', '-', '-', '-'], ['-', '-', '-', 'O', '-', '-', '-'], ['-', '-', '-', 'X', '-', '-', '-']]",drop 3
"[['-', '-', '-', '-', '-', '-', '-'], ['-', '-', '-', '-', '-', '-', '-'], ['-', '-', '-', '-', '-', '-', '-'], ['-', '-', '-', 'X', '-', '-', '-'], ['-', '-', '-', 'O', '-', '-', '-'], ['-', '-', '-', 'X', '-', '-', '-']]",drop 4
"[['-', '-', '-', '-', '-', '-', '-'], ['-', '-', '-', '-', '-', '-', '-'], ['-', '-', '-', '-', '-', '-', '-'], ['-', '-', '-', 'X', '-', '-', '-'], ['-', '-', '-', 'O', '-', '-', '-'], ['-', '-', '-', 'X', 'O', '-', '-']]",drop 3
"[['-', '-', '-', '-', '-', '-', '-'], ['-', '-', '-', '-', '-', '-', '-'], ['-', '-', '-', 'X', '-', '-', '-'], ['-', '-', '-', 'X', '-', '-', '-'], ['-', '-', '-', 'O', '-', '-', '-'], ['-', '-', '-', 'X', 'O', '-', '-']]",drop 4
"[['-', '-', '-', '-', '-', '-', '-'], ['-', '-', '-', '-', '-', '-', '-'], ['-', '-', '-', 'X', '-', '-', '-'], ['-', '-', '-', 'X', '-', '-', '-'], ['-', '-', '-', 'O', 'O', '-', '-'], ['-', '-', '-', 'X', 'O', '-', '-']]",drop 3
"[['-', '-', '-', '-', '-', '-', '-'], ['-', '-', '-', 'X', '-', '-', '-'], ['-', '-', '-', 'X', '-', '-', '-'], ['-', '-', '-', 'X', '-', '-', '-'], ['-', '-', '-', 'O', 'O', '-', '-'], ['-', '-', '-', 'X', 'O', '-', '-']]",drop 3
"[['-', '-', '-', 'O', '-', '-', '-'], ['-', '-', '-', 'X', '-', '-', '-'], ['-', '-', '-', 'X', '-', '-', '-'], ['-', '-', '-', 'X', '-', '-', '-'], ['-', '-', '-', 'O', 'O', '-', '-'], ['-', '-', '-', 'X', 'O', '-', '-']]",drop 4
"[['-', '-', '-', 'O', '-', '-', '-'], ['-', '-', '-', 'X', '-', '-', '-'], ['-', '-', '-', 'X', '-', '-', '-'], ['-', '-', '-', 'X', 'X', '-', '-'], ['-', '-', '-', 'O', 'O', '-', '-'], ['-', '-', '-', 'X', 'O', '-', '-']]",drop 4
"[['-', '-', '-', 'O', '-', '-', '-'], ['-', '-', '-', 'X', '-', '-', '-'], ['-', '-', '-', 'X', 'O', '-', '-'], ['-', '-', '-', 'X', 'X', '-', '-'], ['-', '-', '-', 'O', 'O', '-', '-'], ['-', '-', '-', 'X', 'O', '-', '-']]",drop 6
"[['-', '-', '-', 'O', '-', '-', '-'], ['-', '-', '-', 'X', '-', '-', '-'], ['-', '-', '-', 'X', 'O', '-', '-'], ['-', '-', '-', 'X', 'X', '-', '-'], ['-', '-', '-', 'O', 'O', '-', '-'], ['-', '-', '-', 'X', 'O', '-', 'X']]",drop 4
"[['-', '-', '-', 'O', '-', '-', '-'], ['-', '-', '-', 'X', 'O', '-', '-'], ['-', '-', '-', 'X', 'O', '-', '-'], ['-', '-', '-', 'X', 'X', '-', '-'], ['-', '-', '-', 'O', 'O', '-', '-'], ['-', '-', '-', 'X', 'O', '-', 'X']]",drop 4
"[['-', '-', '-', 'O', 'X', '-', '-'], ['-', '-', '-', 'X', 'O', '-', '-'], ['-', '-', '-', 'X', 'O', '-', '-'], ['-', '-', '-', 'X', 'X', '-', '-'], ['-', '-', '-', 'O', 'O', '-', '-'], ['-', '-', '-', 'X', 'O', '-', 'X']]",drop 6
"[['-', '-', '-', 'O', 'X', '-', '-'], ['-', '-', '-', 'X', 'O', '-', '-'], ['-', '-', '-', 'X', 'O', '-', '-'], ['-', '-', '-', 'X', 'X', '-', '-'], ['-', '-', '-', 'O', 'O', '-', 'O'], ['-', '-', '-', 'X', 'O', '-', 'X']]",drop 2
"[['-', '-', '-', 'O', 'X', '-', '-'], ['-', '-', '-', 'X', 'O', '-', '-'], ['-', '-', '-', 'X', 'O', '-', '-'], ['-', '-', '-', 'X', 'X', '-', '-'], ['-', '-', '-', 'O', 'O', '-', 'O'], ['-', '-', 'X', 'X', 'O', '-', 'X']]",drop 2
"[['-', '-', '-', 'O', 'X', '-', '-'], ['-', '-', '-', 'X', 'O', '-', '-'], ['-', '-', '-', 'X', 'O', '-', '-'], ['-', '-', '-', 'X', 'X', '-', '-'], ['-', '-', 'O', 'O', 'O', '-', 'O'], ['-', '-', 'X', 'X', 'O', '-', 'X']]",drop 2
"[['-', '-', '-', 'O', 'X', '-', '-'], ['-', '-', '-', 'X', 'O', '-', '-'], ['-', '-', '-', 'X', 'O', '-', '-'], ['-', '-', 'X', 'X', 'X', '-', '-'], ['-', '-', 'O', 'O', 'O', '-', 'O'], ['-', '-', 'X', 'X', 'O', '-', 'X']]",drop 2
"[['-', '-', '-', 'O', 'X', '-', '-'], ['-', '-', '-', 'X', 'O', '-', '-'], ['-', '-', 'O', 'X', 'O', '-', '-'], ['-', '-', 'X', 'X', 'X', '-', '-'], ['-', '-', 'O', 'O', 'O', '-', 'O'], ['-', '-', 'X', 'X', 'O', '-', 'X']]",drop 0
"[['-', '-', '-', 'O', 'X', '-', '-'], ['-', '-', '-', 'X', 'O', '-', '-'], ['-', '-', 'O', 'X', 'O', '-', '-'], ['-', '-', 'X', 'X', 'X', '-', '-'], ['-', '-', 'O', 'O', 'O', '-', 'O'], ['X', '-', 'X', 'X', 'O', '-', 'X']]",pop 4
"[['-', '-', '-', 'O', '-', '-', '-'], ['-', '-', '-', 'X', 'X', '-', '-'], ['-', '-', 'O', 'X', 'O', '-', '-'], ['-', '-', 'X', 'X', 'O', '-', '-'], ['-', '-', 'O', 'O', 'X', '-', 'O'], ['X', '-', 'X', 'X', 'O', '-', 'X']]",drop 1
"[['-', '-', '-', '-', '-', '-', '-'], ['-', '-', '-', '-', '-', '-', '-'], ['-', '-', '-', '-', '-', '-', '-'], ['-', '-', '-', '-', '-', '-', '-'], ['-', '-', '-', '-', '-', '-', '-'], ['-', '-', '-', '-', '-', '-', '-']]",drop 3
"[['-', '-', '-', '-', '-', '-', '-'], ['-', '-', '-', '-', '-', '-', '-'], ['-', '-', '-', '-', '-', '-', '-'], ['-', '-', '-', '-', '-', '-', '-'], ['-', '-', '-', '-', '-', '-', '-'], ['-', '-', '-', 'X', '-', '-', '-']]",drop 3
"[['-', '-', '-', '-', '-', '-', '-'], ['-', '-', '-', '-', '-', '-', '-'], ['-', '-', '-', '-', '-', '-', '-'], ['-', '-', '-', '-', '-', '-', '-'], ['-', '-', '-', 'O', '-', '-', '-'], ['-', '-', '-', 'X', '-', '-', '-']]",drop 3
"[['-', '-', '-', '-', '-', '-', '-'], ['-', '-', '-', '-', '-', '-', '-'], ['-', '-', '-', '-', '-', '-', '-'], ['-', '-', '-', 'X', '-', '-', '-'], ['-', '-', '-', 'O', '-', '-', '-'], ['-', '-', '-', 'X', '-', '-', '-']]",drop 3
"[['-', '-', '-', '-', '-', '-', '-'], ['-', '-', '-', '-', '-', '-', '-'], ['-', '-', '-', 'O', '-', '-', '-'], ['-', '-', '-', 'X', '-', '-', '-'], ['-', '-', '-', 'O', '-', '-', '-'], ['-', '-', '-', 'X', '-', '-', '-']]",drop 2
"[['-', '-', '-', '-', '-', '-', '-'], ['-', '-', '-', '-', '-', '-', '-'], ['-', '-', '-', 'O', '-', '-', '-'], ['-', '-', '-', 'X', '-', '-', '-'], ['-', '-', '-', 'O', '-', '-', '-'], ['-', '-', 'X', 'X', '-', '-', '-']]",drop 2
"[['-', '-', '-', '-', '-', '-', '-'], ['-', '-', '-', '-', '-', '-', '-'], ['-', '-', '-', 'O', '-', '-', '-'], ['-', '-', '-', 'X', '-', '-', '-'], ['-', '-', 'O', 'O', '-', '-', '-'], ['-', '-', 'X', 'X', '-', '-', '-']]",drop 4
"[['-', '-', '-', '-', '-', '-', '-'], ['-', '-', '-', '-', '-', '-', '-'], ['-', '-', '-', 'O', '-', '-', '-'], ['-', '-', '-', 'X', '-', '-', '-'], ['-', '-', 'O', 'O', '-', '-', '-'], ['-', '-', 'X', 'X', 'X', '-', '-']]",drop 5
"[['-', '-', '-', '-', '-', '-', '-'], ['-', '-', '-', '-', '-', '-', '-'], ['-', '-', '-', 'O', '-', '-', '-'], ['-', '-', '-', 'X', '-', '-', '-'], ['-', '-', 'O', 'O', '-', '-', '-'], ['-', '-', 'X', 'X', 'X', 'O', '-']]",drop 1
